RACE,SCIENTIFIC,COMMON,ECOPATH_Num,ECOPATH_Name,EXPLORE_Name
1,(blank),fish eggs unident.,111,fish_larvae,Fish Larvae
2,(blank),fish larvae unident.,111,fish_larvae,Fish Larvae
3,(blank),fish unident.,0,gen_fish,Gen Fish
10,Petromyzontidae,lamprey unident.,76,misc_fish_shallow,Misc. fish shallow
21,Lampetra tridentata,Pacific lamprey,76,misc_fish_shallow,Misc. fish shallow
232,Lamna ditropis,salmon shark,0,no_salmon_shark,No_Salmon shark
310,Squalus acanthias,spiny dogfish,0,dogfish,Dogfish
320,Somniosus pacificus,Pacific sleeper shark,31,sleeper_shark,Sleeper shark
400,Rajidae unident.,skate unident.,56,ak_skate,Alaska skate
401,(blank),skate egg case unident.,57,oth_skate,Other skates
402,Bathyraja sp. egg case,(blank),57,oth_skate,Other skates
404,Raja sp.,(blank),57,oth_skate,Other skates
405,Bathyraja sp. ,(blank),57,oth_skate,Other skates
410,Bathyraja abyssicola,deepsea skate,57,oth_skate,Other skates
420,Raja binoculata,big skate,57,oth_skate,Other skates
421,(blank),Raja binoculata egg case,57,oth_skate,Other skates
435,Bathyraja interrupta ,Bering skate ,57,oth_skate,Other skates
436,Bathyraja interrupta egg case,(blank),57,oth_skate,Other skates
440,Raja rhina,longnose skate,57,oth_skate,Other skates
450,Raja stellulata,starry skate,57,oth_skate,Other skates
455,Bathyraja taranetzi,mud skate,57,oth_skate,Other skates
456,mud skate egg case,Bathyraja taranetzi egg case,57,oth_skate,Other skates
471,Bathyraja parmifera,Alaska skate,56,ak_skate,Alaska skate
472,Bathyraja aleutica,Aleutian skate,57,oth_skate,Other skates
473,Aleutian skate egg case,Bathyraja aleutica egg case,57,oth_skate,Other skates
474,Bathyraja parmifera egg case,Alaska skate egg case,56,ak_skate,Alaska skate
480,Bathyraja maculata,whiteblotched skate,57,oth_skate,Other skates
485,Bathyraja minispinosa,whitebrow skate,57,oth_skate,Other skates
486,Bathyraja minispinosa egg case,whitebrow skate egg case,57,oth_skate,Other skates
490,Bathyraja smirnovi,golden skate,57,oth_skate,Other skates
495,Bathyraja violacea,Okhotsk skate,57,oth_skate,Other skates
10001,Pleuronectiformes,flatfish unident.,0,misc_flats,Misc. Flatfish
10008,Citharichthys sp.,sanddab unident.,55,misc_flats,Misc. Flatfish
10110,Atheresthes stomias,arrowtooth flounder,39,arrowtooth,Arrowtooth
10111,(blank),Atheresthes sp.,39,arrowtooth,Arrowtooth
10112,Atheresthes evermanni,Kamchatka flounder,41,kamchatka,Kamchatka fl.
10115,Reinhardtius hippoglossoides,Greenland turbot,43,gr_turbot,Gr. Turbot
10120,Hippoglossus stenolepis,Pacific halibut,45,halibut,P. Halibut
10129,Hippoglossoides sp.,(blank),0,gen_hippoglossoides,Gen Hippoglossoides
10130,Hippoglossoides elassodon,flathead sole,49,fh_sole,FH. Sole
10140,Hippoglossoides robustus,Bering flounder,55,misc_flats,Misc. Flatfish
10150,Lyopsetta exilis,slender sole,55,misc_flats,Misc. Flatfish
10155,Liopsetta glacialis,Arctic flounder,55,misc_flats,Misc. Flatfish
10170,Parophrys vetulus,English sole,55,misc_flats,Misc. Flatfish
10180,Microstomus pacificus,Dover sole,53,dover_sole,Dover Sole
10200,Glyptocephalus zachirus,rex sole,54,rex_sole,Rex Sole
10210,Limanda aspera,yellowfin sole,47,yf_sole,YF. Sole
10211,Limanda proboscidea,longhead dab,55,misc_flats,Misc. Flatfish
10212,Limanda sakhalinensis,Sakhalin sole,55,misc_flats,Misc. Flatfish
10220,Platichthys stellatus,starry flounder,55,misc_flats,Misc. Flatfish
10221,Platichthys stellatus X Pleuronectes quadrituberculatus,Hybrid starry flounder X Alaska plaice,55,misc_flats,Misc. Flatfish
10250,Psettichthys melanostictus,sand sole,55,misc_flats,Misc. Flatfish
10260,Lepidopsetta sp.,rock sole unident.,51,nr_sole,N. Rock sole
10261,Lepidopsetta polyxystra,northern rock sole,51,nr_sole,N. Rock sole
10262,Lepidopsetta bilineata,southern rock sole,51,nr_sole,N. Rock sole
10270,Isopsetta isolepis,butter sole,55,misc_flats,Misc. Flatfish
10285,Pleuronectes quadrituberculatus,Alaska plaice,52,ak_plaice,AK Plaice
20000,Agonidae,poacher unident.,76,misc_fish_shallow,Misc. fish shallow
20001,Pallasina barbata,tubenose poacher,76,misc_fish_shallow,Misc. fish shallow
20002,Percis japonicus,dragon poacher,76,misc_fish_shallow,Misc. fish shallow
20004,Leptagonus sp.,(blank),76,misc_fish_shallow,Misc. fish shallow
20005,Leptagonus leptorhynchus,longnose poacher,76,misc_fish_shallow,Misc. fish shallow
20006,Leptagonus frenatus,sawback poacher,76,misc_fish_shallow,Misc. fish shallow
20007,Leptagonus decagonus,Atlantic poacher,76,misc_fish_shallow,Misc. fish shallow
20015,Agonopsis vulsa,northern spearnose poacher,76,misc_fish_shallow,Misc. fish shallow
20018,Odontopyxis trispinosa,pygmy poacher,76,misc_fish_shallow,Misc. fish shallow
20034,Bathyagonus sp.,starsnout poacher unident.,76,misc_fish_shallow,Misc. fish shallow
20035,Bathyagonus alascanus,gray starsnout,76,misc_fish_shallow,Misc. fish shallow
20036,Bathyagonus infraspinatus,spinycheek starsnout,76,misc_fish_shallow,Misc. fish shallow
20037,Bathyagonus pentacanthus,bigeye poacher,76,misc_fish_shallow,Misc. fish shallow
20038,Bathyagonus nigripinnis,blackfin poacher,76,misc_fish_shallow,Misc. fish shallow
20039,Podothecus sp.,,76,misc_fish_shallow,Misc. fish shallow
20040,Podothecus accipenserinus,sturgeon poacher,76,misc_fish_shallow,Misc. fish shallow
20041,Podothecus veternus,veteran poacher,76,misc_fish_shallow,Misc. fish shallow
20050,Aspidophoroides bartoni,Aleutian alligatorfish,76,misc_fish_shallow,Misc. fish shallow
20051,Aspidophoroides olriki,Arctic alligatorfish,76,misc_fish_shallow,Misc. fish shallow
20055,Anoplagonus inermis,smooth alligatorfish,76,misc_fish_shallow,Misc. fish shallow
20060,Chesnonia verrucosa,warty poacher,76,misc_fish_shallow,Misc. fish shallow
20061,Occella dodecaedron,Bering poacher,76,misc_fish_shallow,Misc. fish shallow
20071,fourhorn poacher,Hypsagonus quadricornis,76,misc_fish_shallow,Misc. fish shallow
20202,Ammodytes hexapterus,Pacific sand lance,84,sandlance,Sandlance
20203,Ammodytes hexapterus,Arctic sand lance,84,sandlance,Sandlance
20204,Ammodytes personatus,Pacific sand lance,84,sandlance,Sandlance
20320,Anarrhichthys ocellatus,wolf-eel,76,misc_fish_shallow,Misc. fish shallow
20322,Anarhichas orientalis,Bering wolffish,76,misc_fish_shallow,Misc. fish shallow
20510,Anoplopoma fimbria,sablefish,59,sablefish,Sablefish
20542,Aulorhynchus flavidus,tube-snout,76,misc_fish_shallow,Misc. fish shallow
20700,Bathymasteridae,ronquil unident.,76,misc_fish_shallow,Misc. fish shallow
20702,Ronquilus jordani,northern ronquil,76,misc_fish_shallow,Misc. fish shallow
20720,Bathymaster signatus,searcher,76,misc_fish_shallow,Misc. fish shallow
21110,Clupea pallasi,Pacific herring,37,herring,Herring
21300,Cottidae,sculpin unident.,75,oth_sculpins,Other sculpins
21311,Icelinus borealis,northern sculpin,75,oth_sculpins,Other sculpins
21313,Gymnocanthus sp.,(blank),75,oth_sculpins,Other sculpins
21314,Gymnocanthus pistilliger,threaded sculpin,75,oth_sculpins,Other sculpins
21315,Gymnocanthus tricuspis,Arctic staghorn sculpin,75,oth_sculpins,Other sculpins
21316,Gymnocanthus galeatus,armorhead sculpin,75,oth_sculpins,Other sculpins
21320,Radulinus asprellus,slim sculpin,75,oth_sculpins,
21329,Gymnocanthus detrisus,purplegray sculpin,75,oth_sculpins,Other sculpins
21331,Artediellus sp.,(blank),75,oth_sculpins,Other sculpins
21332,Artediellus miacanthus,bride sculpin,75,oth_sculpins,Other sculpins
21333,Artediellus pacificus,hookhorn sculpin,75,oth_sculpins,Other sculpins
21334,Artediellus scaber,hamecon,75,oth_sculpins,Other sculpins
21339,Malacocottus sp.,(blank),75,oth_sculpins,Other sculpins
21340,Malacocottus kincaidi,blackfin sculpin,75,oth_sculpins,Other sculpins
21341,Malacocottus zonurus,darkfin sculpin,75,oth_sculpins,Other sculpins
21342,Hemilepidotus sp.,Irish lord,74,lg_sculpins,Lg. Sculpins
21345,Hemilepidotus zapus,longfin Irish lord,74,lg_sculpins,Lg. Sculpins
21346,Hemilepidotus hemilepidotus,red Irish lord,74,lg_sculpins,Lg. Sculpins
21347,Hemilepidotus jordani,yellow Irish lord,74,lg_sculpins,Lg. Sculpins
21348,Hemilepidotus papilio,butterfly sculpin,74,lg_sculpins,Lg. Sculpins
21350,Triglops sp.,(blank),75,oth_sculpins,Other sculpins
21352,Triglops forficata,scissortail sculpin,75,oth_sculpins,Other sculpins
21353,Triglops metopias,crescent-tail sculpin,75,oth_sculpins,Other sculpins
21354,Triglops scepticus,spectacled sculpin,75,oth_sculpins,Other sculpins
21355,Triglops pingeli,ribbed sculpin,75,oth_sculpins,Other sculpins
21356,Triglops macellus,roughspine sculpin,75,oth_sculpins,Other sculpins
21360,Microcottus sellaris,brightbelly sculpin,75,oth_sculpins,Other sculpins
21368,Myoxocephalus verrucosus,warty sculpin,74,lg_sculpins,Lg. Sculpins
21370,Myoxocephalus polyacanthocephalus,great sculpin,74,lg_sculpins,Lg. Sculpins
21371,Myoxocephalus jaok,plain sculpin,74,lg_sculpins,Lg. Sculpins
21375,Myoxocephalus sp.,(blank),74,lg_sculpins,Lg. Sculpins
21376,Megalocottus platycephalus,belligerent sculpin,75,oth_sculpins,Other sculpins
21377,Myoxocephalus quadricornis,fourhorn sculpin,75,oth_sculpins,Other sculpins
21378,Myoxocephalus scorpioides,Arctic sculpin,75,oth_sculpins,Other sculpins
21379,hairhead sculpin,Trichocottus brashnikovi,75,oth_sculpins,Other sculpins
21380,Leptocottus armatus,Pacific staghorn sculpin,75,oth_sculpins,Other sculpins
21384,Enophrys sp.,(blank),75,oth_sculpins,Other sculpins
21387,Enophrys lucasi,leister sculpin,75,oth_sculpins,Other sculpins
21388,Enophrys diceraus,antlered sculpin,75,oth_sculpins,Other sculpins
21390,Dasycottus setiger,spinyhead sculpin,75,oth_sculpins,Other sculpins
21393,Psychrolutes sp.,(blank),75,oth_sculpins,Other sculpins
21394,Psychrolutes paradoxus,tadpole sculpin,75,oth_sculpins,Other sculpins
21395,Psychrolutes phrictus,blob sculpin,75,oth_sculpins,Other sculpins
21397,Blepsias bilobus,crested sculpin,75,oth_sculpins,Other sculpins
21404,Nautichthys sp.,,75,oth_sculpins,Other sculpins
21405,Nautichthys pribilovius,eyeshade sculpin,75,oth_sculpins,Other sculpins
21406,Nautichthys oculofasciatus,sailfin sculpin,75,oth_sculpins,Other sculpins
21420,Hemitripterus bolini,bigmouth sculpin,74,lg_sculpins,Lg. Sculpins
21422,Hemitripterus bolini eggs,bigmouth sculpin eggs,111,fish_larvae,Fish Larvae
21423,Eurymen gyrinus,smoothcheek sculpin,75,oth_sculpins,Other sculpins
21438,Icelus spiniger,thorny sculpin,75,oth_sculpins,Other sculpins
21439,Icelus canaliculatus,blacknose sculpin,75,oth_sculpins,Other sculpins
21440,Icelus euryops,wide-eye sculpin,75,oth_sculpins,Other sculpins
21441,Icelus spatula,spatulate sculpin,75,oth_sculpins,Other sculpins
21446,Icelus sp.,(blank),75,oth_sculpins,Other sculpins
21592,Trichodon trichodon,Pacific sandfish,86,oth_managed_forage,Oth. managed forage
21710,Microgadus proximus,Pacific tomcod,76,misc_fish_shallow,Misc. fish shallow
21720,Gadus macrocephalus,Pacific cod,35,pcod,P. Cod
21725,Boreogadus saida,Arctic cod,76,misc_fish_shallow,Misc. fish shallow
21735,Eleginus gracilis,saffron cod,76,misc_fish_shallow,Misc. fish shallow
21740,Theragra chalcogramma,walleye pollock,33,pollock,W. Pollock
21752,Gasterosteus aculeatus,threespine stickleback,76,misc_fish_shallow,
21753,Pungitius pungitius,ninespine stickleback,76,misc_fish_shallow,Misc. fish shallow
21900,Hexagrammidae,greenling unident.,0,gen_hexagrammidae,Gen. Hexagrammidae
21921,Pleurogrammus monopterygius,Atka mackerel,72,atka,Atka mackerel
21930,Hexagrammos sp.,(blank),73,greenlings,Greenlings
21932,Hexagrammos stelleri,whitespotted greenling,73,greenlings,Greenlings
21934,Hexagrammos lagocephalus,rock greenling,73,greenlings,Greenlings
21935,Hexagrammos decagrammus,kelp greenling,73,greenlings,Greenlings
22170,Cyclopterinae,lumpsucker unident.,76,misc_fish_shallow,Misc. fish shallow
22175,Aptocyclus ventricosus,smooth lumpsucker,76,misc_fish_shallow,Misc. fish shallow
22177,round lumpsucker,Eumicrotremus birulai,76,misc_fish_shallow,Misc. fish shallow
22178,Eumicrotremus orbis,Pacific spiny lumpsucker,76,misc_fish_shallow,Misc. fish shallow
22182,pimpled lumpsucker,Eumicrotremus andriashevi,76,misc_fish_shallow,Misc. fish shallow
22183,Eumicrotremus sp.,spiny lumpsuckers,76,misc_fish_shallow,Misc. fish shallow
22190,toad lumpsucker,Eumicrotremus phrynoides,76,misc_fish_shallow,Misc. fish shallow
22200,Liparidinae,snailfish unident.,76,misc_fish_shallow,Misc. fish shallow
22201,Liparis sp.,(blank),76,misc_fish_shallow,Misc. fish shallow
22203,Liparis bristolense,Bristol snailfish,76,misc_fish_shallow,Misc. fish shallow
22204,Liparis dennyi,marbled snailfish,76,misc_fish_shallow,Misc. fish shallow
22205,Liparis gibbus,variegated snailfish,76,misc_fish_shallow,Misc. fish shallow
22206,Crystallichthys cyclospilus,blotched snailfish,76,misc_fish_shallow,Misc. fish shallow
22208,Liparis pulchellus,showy snailfish,76,misc_fish_shallow,Misc. fish shallow
22210,Liparis ochotensis,Okhotsk snailfish,76,misc_fish_shallow,Misc. fish shallow
22213,Liparis rutteri,ringtail snailfish,76,misc_fish_shallow,Misc. fish shallow
22214,Elassodiscus sp.,(blank),76,misc_fish_shallow,Misc. fish shallow
22219,Careproctus sp.,(blank),76,misc_fish_shallow,Misc. fish shallow
22226,Careproctus phasma,monster snailfish,76,misc_fish_shallow,Misc. fish shallow
22228,Careproctus cypselurus,blackfin snailfish,76,misc_fish_shallow,Misc. fish shallow
22232,Careproctus scottae,peachskin snailfish,76,misc_fish_shallow,Misc. fish shallow
22233,Careproctus gilberti,smalldisk snailfish,76,misc_fish_shallow,Misc. fish shallow
22236,Careproctus rastrinus,salmon snailfish,76,misc_fish_shallow,Misc. fish shallow
22238,kelp snailfish,Liparis tunicatus,76,misc_fish_shallow,Misc. fish shallow
22254,Liparis bathyarcticus,nebulous snailfish,76,misc_fish_shallow,
22255,Nectoliparis pelagicus,tadpole snailfish,76,misc_fish_shallow,Misc. fish shallow
22258,(blank),Careproctus sp. cf. rastrinus (Orr et al.),76,misc_fish_shallow,Misc. fish shallow
22265,festive snailfish,Liparis marmoratus,76,misc_fish_shallow,Misc. fish shallow
22600,lanternfish unident.,Myctophidae,82,myctophid,Myctophidae
22620,Lampanyctus sp.,(blank),82,myctophid,Myctophidae
22912,Oneirodes sp.,(blank),62,misc_fish_deep,Misc. fish deep
23000,Osmeridae,smelt unident.,0,oth_pelagic_smelt,Oth. pelagic smelt
23010,Thaleichthys pacificus,eulachon,85,eulachon,Eulachon
23041,Mallotus villosus,capelin,83,capelin,Capelin
23055,Osmerus mordax,rainbow smelt,87,oth_pelagic_smelt,Oth. pelagic smelt
23201,Salmonidae,salmon and trouts unid.,79,salmon_returning,Salmon returning
23202,Oncorhynchus sp.,salmon unid.,79,salmon_returning,Salmon returning
23220,Oncorhynchus tshawytscha,chinook salmon,79,salmon_returning,Salmon returning
23225,Oncorhynchus kisutch,coho salmon,79,salmon_returning,Salmon returning
23230,Oncorhynchus gorbuscha,pink salmon,79,salmon_returning,Salmon returning
23235,Oncorhynchus keta,chum salmon,79,salmon_returning,Salmon returning
23240,Oncorhynchus nerka,sockeye salmon,79,salmon_returning,Salmon returning
23252,Salvelinus malma,Dolly Varden,79,salmon_returning,Salmon returning
23260,Onchorynchus mykiss,steelhead,79,salmon_returning,Salmon returning
23791,Lyconectes aleutensis,dwarf wrymouth,76,misc_fish_shallow,Misc. fish shallow
23792,Cryptacanthodes giganteus,giant wrymouth,76,misc_fish_shallow,Misc. fish shallow
23800,Stichaeidae,prickleback unident.,86,oth_managed_forage,Oth. managed forage
23801,Lumpenus sp.,(blank),86,oth_managed_forage,Oth. managed forage
23803,Eumesogrammus praecisus,fourline snakeblenny,86,oth_managed_forage,Oth. managed forage
23804,Stichaeus punctatus,Arctic shanny,86,oth_managed_forage,Oth. managed forage
23805,Lumpenus maculatus,daubed shanny,86,oth_managed_forage,Oth. managed forage
23806,Lumpenus medius,stout eelblenny,86,oth_managed_forage,Oth. managed forage
23807,Lumpenus fabricii,slender eelblenny,86,oth_managed_forage,Oth. managed forage
23808,Lumpenus sagitta,snake prickleback,86,oth_managed_forage,Oth. managed forage
23809,Acantholumpenus mackayi,pighead prickleback,86,oth_managed_forage,Oth. managed forage
23836,Lumpenella longirostris,longsnout prickleback,86,oth_managed_forage,Oth. managed forage
23840,Chirolophis sp.,(blank),86,oth_managed_forage,Oth. managed forage
23841,Chirolophis decoratus,decorated warbonnet,86,oth_managed_forage,Oth. managed forage
23843,Chirolophis snyderi,bearded warbonnet,86,oth_managed_forage,Oth. managed forage
23850,Poroclinus rothrocki,whitebarred prickleback,86,oth_managed_forage,Oth. managed forage
23932,Trachipterus altivelis,king-of-the-salmon,76,misc_fish_shallow,Misc. fish shallow
24001,Zaprora silenus,prowfish,76,misc_fish_shallow,Misc. fish shallow
24100,Zoarcidae,eelpout unident.,60,eelpouts,Eelpouts
24180,Lycodes sp.,(blank),60,eelpouts,Eelpouts
24184,Lycodes raridens,marbled eelpout,60,eelpouts,Eelpouts
24185,Lycodes palearis,wattled eelpout,60,eelpouts,Eelpouts
24186,Lycodes mucosus,saddled eelpout,60,eelpouts,Eelpouts
24187,Lycodes concolor,ebony eelpout,60,eelpouts,Eelpouts
24188,Lycodes polaris,Canadian eelpout,60,eelpouts,Eelpouts
24189,Lycodes turneri,polar eelpout,60,eelpouts,Eelpouts
24191,Lycodes brevipes,shortfin eelpout,60,eelpouts,Eelpouts
24192,Gymnelus viridis,fish doctor,60,eelpouts,Eelpouts
24193,(blank),Gymnelus sp.,60,eelpouts,Eelpouts
24194,Gymnelus hemifasciatus,Halfbarred Pout,60,eelpouts,Eelpouts
24195,Lycodes beringi,Bering eelpout,60,eelpouts,Eelpouts
29999,(blank),roundfish unident.,0,gen_roundfish,Gen Roundfish
30040,Sebastes sp.,rockfish unident.,0,gen_sebastes,Gen. Sebastes
30050,(blank),rougheye and blackspotted rockfish unid.,68,rougheye_rock,Rougheye Rock
30051,Sebastes aleutianus,rougheye rockfish,68,rougheye_rock,Rougheye Rock
30052,Sebastes melanostictus,black-spotted rockfish,68,rougheye_rock,Rougheye Rock
30060,Sebastes alutus,Pacific ocean perch,63,pac_ocean_perch,POP
30150,(blank),dusky and dark rockfishes unid,66,dusky_rock,Dusky Rock
30152,Sebastes variabilis,dusky rockfish,66,dusky_rock,Dusky Rock
30170,Sebastes crameri,darkblotched rockfish,0,sebastes,Sebastes
30240,Sebastes flavidus,yellowtail rockfish,0,yellowtail_rock,Yellowtail Rock
30420,Sebastes polyspinis,northern rockfish,65,north_rockfish,Northern Rock
30535,Sebastes variegatus,harlequin rockfish,0,sebastes,Sebastes
30630,Sebastes (=Sebastomus) sp.,(blank),0,gen_sebastes,Gen. Sebastes
40010,Hydrozoa,(blank),0,gelatinous_filter_feeders,Gelatinous filter feeders
40011,(blank),hydroid unident.,0,gelatinous_filter_feeders,Gelatinous filter feeders
40012,Hydroid sp. A,champagne flute hydroid,0,gelatinous_filter_feeders,Gelatinous filter feeders
40020,Hydractinia sp.,(blank),0,gelatinous_filter_feeders,Gelatinous filter feeders
40028,Aglaophenia sp.,ostrich plume hydroid,116,gelatinous_filter_feeders,
40034,Abietinaria sp.,(blank),0,gelatinous_filter_feeders,Gelatinous filter feeders
40035,Abietinaria greenei,bushy white hydroid,116,gelatinous_filter_feeders,Gelatinous filter feeders
40049,Sertulariidae,Sertulariid hydroid,116,gelatinous_filter_feeders,Gelatinous filter feeders
40050,Sertularia robusta,,116,gelatinous_filter_feeders,Gelatinous filter feeders
40500,Scyphozoa,jellyfish unident.,110,scyphozoid_jellies,Scyphozoid Jellies
40501,Chrysaora sp.,chrysaora jellyfish,110,scyphozoid_jellies,Scyphozoid Jellies
40503,Periphylla periphylla,helmet jelly,110,scyphozoid_jellies,Scyphozoid Jellies
40504,Chrysaora melanaster,(blank),110,scyphozoid_jellies,Scyphozoid Jellies
40505,Phacellophora camtchatica,(blank),116,gelatinous_filter_feeders,Gelatinous filter feeders
40506,Aequorea sp.,(blank),116,gelatinous_filter_feeders,Gelatinous filter feeders
40510,Atolla sp.,(blank),110,scyphozoid_jellies,Scyphozoid Jellies
40511,Aurelia sp.,(blank),116,gelatinous_filter_feeders,Gelatinous filter feeders
40512,Aurelia labiata,(blank),116,gelatinous_filter_feeders,Gelatinous filter feeders
40513,Aurelia aurita,,116,gelatinous_filter_feeders,Gelatinous filter feeders
40515,Chrysaora fuscescens,sea nettle,110,scyphozoid_jellies,Scyphozoid Jellies
40519,Staurostoma mertensii,whitecross jelly,110,scyphozoid_jellies,Scyphozoid Jellies
40520,Aurelia limbata,brown rimmed jelly,110,scyphozoid_jellies,Scyphozoid Jellies
40560,Cyanea sp.,(blank),116,gelatinous_filter_feeders,Gelatinous filter feeders
40561,Cyanea capillata,lion's mane,116,gelatinous_filter_feeders,Gelatinous filter feeders
41000,(blank),Anthozoa,0,unid,UNID
41100,Alcyonacea,soft coral unident.,102,corals,Corals
41201,Gersemia sp.,sea raspberry,102,corals,Corals
41221,Gersemia rubiformis,(blank),102,corals,Corals
41500,Gorgonacea,gorgonian coral unident.,102,corals,Corals
41525,Antipatharia,black coral,102,corals,Corals
41580,Paragorgia sp.,(blank),102,corals,Corals
41582,Paragorgia arborea,Kamchatka coral,102,corals,Corals
42000,Pennatulacea,sea pen or sea whip unident.,105,sea_pens,Sea Pens
42001,Virgularia sp.,smoothstem seawhip,105,sea_pens,Sea Pens
42003,Virgularidae,sea whip unident.,105,sea_pens,Sea Pens
42004,Stylatula sp.,slender seawhips,105,sea_pens,Sea Pens
42008,Halipteris sp.,(blank),105,sea_pens,Sea Pens
42009,Halipteris sp. A (Stone 2015),maroon sea whip,105,sea_pens,Sea Pens
42012,Halipteris willemoesi,(blank),105,sea_pens,Sea Pens
43000,Actiniaria,sea anemone unident.,101,anemones,Anemones
43001,Actinauge verrillii,reticulate anemone,101,anemones,Anemones
43007,(blank),red striated sea anemone,101,anemones,Anemones
43009,Corallimorphus sp.,,101,anemones,Anemones
43010,Metridium sp.,(blank),101,anemones,Anemones
43020,Metridium senile,clonal plumose anemone,101,anemones,Anemones
43021,Metridium farcimen (=Metridium giganteum),gigantic anemone,101,anemones,Anemones
43029,Stomphia didemon,cowardly anemone,101,anemones,Anemones
43030,Stomphia sp.,(blank),101,anemones,Anemones
43032,Stomphia coccinea,swimming anemone,101,anemones,Anemones
43040,Urticina sp.,(blank),101,anemones,Anemones
43042,Urticina crassicornis,mottled anemone,101,anemones,Anemones
43043,Urticina lofotensis,(blank),101,anemones,Anemones
43045,Bathyphelia australis,hot dog sea anemone,101,anemones,Anemones
43050,Oceanactis diomedeae,grape anemone,101,anemones,
43080,Actiniidae,actinid sea anemones unid.,101,anemones,Anemones
43081,Cribrinopsis sp.,(blank),101,anemones,Anemones
43082,Cribrinopsis fernaldi,chevron-tentacled anemone,101,anemones,Anemones
43090,Liponema brevicornis,tentacle-shedding anemone,101,anemones,Anemones
43100,Actinostolidae,(blank),102,corals,Corals
43110,Actinostola sp.,,102,corals,
43111,Actinistola sp. A (Clark 2006),(blank),102,corals,Corals
44000,Scleractinia unident.,stony coral unident.,102,corals,Corals
44029,Stylasterina unident.,hydrocoral unident.,102,corals,Corals
44094,Amphilaphis sp.,(blank),102,corals,Corals
45000,Ctenophora ,comb jelly unident.,116,gelatinous_filter_feeders,Gelatinous filter feeders
45005,Beroe sp.,(blank),116,gelatinous_filter_feeders,Gelatinous filter feeders
50000,Polychaeta,polychaete worm unident.,108,polychaetes,Polychaetes
50001,(blank),worm unident.,108,polychaetes,Polychaetes
50010,(blank),tube worm unident.,108,polychaetes,Polychaetes
50160,Aphroditidae,sea mouse unident.,108,polychaetes,Polychaetes
50161,Aphrodita sp.,(blank),108,polychaetes,Polychaetes
50192,Aphrodita negligens,(blank),108,polychaetes,Polychaetes
50215,Nothria conchylega,gravel tube worm,108,polychaetes,
53700,Nephtyidae unident.,(blank),108,polychaetes,Polychaetes
54000,Nereidae,(blank),108,polychaetes,Polychaetes
54010,Nereis sp.,(blank),108,polychaetes,Polychaetes
54030,Cheilonereis cyclurus,(blank),108,polychaetes,Polychaetes
56300,Polynoidae,scale worm unident.,108,polychaetes,Polychaetes
56310,Eunoe sp.,(blank),108,polychaetes,Polychaetes
56311,Eunoe nodosa,giant scale worm,108,polychaetes,Polychaetes
56312,Eunoe depressa,depressed scale worm,108,polychaetes,Polychaetes
56313,Eunoe senta,(blank),108,polychaetes,Polychaetes
57000,Sabellidae,sabellid unident.,108,polychaetes,Polychaetes
57409,serpulid worm,Serpulidae,108,polychaetes,Polychaetes
57410,Serpula vermicularis,(blank),108,polychaetes,Polychaetes
57411,Serpula columbiana,(blank),108,polychaetes,Polychaetes
57412,Serpula sp.,(blank),108,polychaetes,Polychaetes
59100,Hirudinea unident.,leech unident.,108,polychaetes,Polychaetes
59110,Carcinobdella sp.,(blank),108,polychaetes,Polychaetes
59111,Notostombdella (=Carcinobdella) cyclostomum,striped sea leech,108,polychaetes,Polychaetes
60100,Amphipoda,amphipod unident.,100,benthic_amphipods,Benthic Amphipods
60101,Iphinoe sp.,,100,benthic_amphipods,Benthic Amphipods
60105,Eusirus cuspidatus,speckled amphipod,100,benthic_amphipods,Benthic Amphipods
60107,Stegocephalus inflatus,smooth northern amphipod,100,benthic_amphipods,
60110,Gammaridae,gammarid amphipod unident.,100,benthic_amphipods,Benthic Amphipods
62000,Isopoda,isopod unident.,99,misc_crustaceans,Misc. Crustacean
62020,Saduria entomon,,99,misc_crustaceans,Misc. Crustacean
62025,Rocinella angusta,(blank),99,misc_crustaceans,Misc. Crustacean
64000,opossum shrimps,Mysida,99,misc_crustaceans,Misc. Crustacean
64100,Mysidae,(blank),99,misc_crustaceans,Misc. Crustacean
65000,Cirripedia,(blank),99,misc_crustaceans,Misc. Crustacean
65100,Thoracica,barnacle unident.,99,misc_crustaceans,Misc. Crustacean
65201,Balanus sp.,(blank),99,misc_crustaceans,Misc. Crustacean
65202,Balanus balanus,(blank),99,misc_crustaceans,Misc. Crustacean
65203,Balanus evermanni,giant barnacle,99,misc_crustaceans,Misc. Crustacean
65204,Balanus hesperius,crab barnacle,99,misc_crustaceans,Misc. Crustacean
65205,Balanus rostratus,beaked barnacle,99,misc_crustaceans,Misc. Crustacean
65206,Balanus nubilus,(blank),99,misc_crustaceans,Misc. Crustacean
66000,(blank),shrimp unident.,0,np_shrimp,NP shrimp
66003,Sergestidae,(blank),92,np_shrimp,NP shrimp
66019,Pandalidae,pandalid shrimp unident.,91,pandalid,Pandalidae
66020,Pandalus sp.,(blank),91,pandalid,Pandalidae
66030,Pandalus jordani,ocean shrimp,91,pandalid,Pandalidae
66031,Pandalus borealis,northern shrimp,91,pandalid,Pandalidae
66033,Pandalus tridens,yellowleg pandalid,91,pandalid,Pandalidae
66034,(blank),Pandalus sp. cf. tridens (CAS),91,pandalid,Pandalidae
66045,Pandalus goniurus,humpy shrimp,91,pandalid,Pandalidae
66050,Pandalus hypsinotus,coonstripe shrimp,91,pandalid,Pandalidae
66120,Pandalopsis dispar,sidestripe shrimp,91,pandalid,Pandalidae
66150,Hippolytidae,hippolytid shrimp unident.,92,np_shrimp,NP shrimp
66160,Spirontocaris sp.,(blank),92,np_shrimp,NP shrimp
66161,Spirontocaris arcuata,Rathbun blade shrimp,92,np_shrimp,NP shrimp
66163,(blank),Spirontocaris lamellicornis,92,np_shrimp,NP shrimp
66170,Eualus sp.,(blank),92,np_shrimp,NP shrimp
66171,Eualus barbatus,barbed eualid,92,np_shrimp,NP shrimp
66174,Eualus fabricii,Arctic eualid,92,np_shrimp,NP shrimp
66175,Eualus gaimardii,(blank),92,np_shrimp,NP shrimp
66179,Eualus macilentus,Greenland shrimp,92,np_shrimp,NP shrimp
66193,Eualus suckleyi,shortscale eualid,92,np_shrimp,NP shrimp
66200,Lebbeus sp.,(blank),92,np_shrimp,NP shrimp
66203,Lebbeus groenlandicus,spiny lebbeid,92,np_shrimp,NP shrimp
66204,Lebbeus polaris,(blank),92,np_shrimp,NP shrimp
66301,Heptacarpus sp.,(blank),92,np_shrimp,NP shrimp
66302,slenderbeak coastal shrimp,Heptacarpus flexus,92,np_shrimp,NP shrimp
66500,Crangonidae,crangonid shrimp unident.,92,np_shrimp,NP shrimp
66502,Crangon sp.,(blank),92,np_shrimp,NP shrimp
66510,Crangon abyssorum,abyssal crangon,92,np_shrimp,NP shrimp
66512,Crangon alaskensis,shell shrimp,92,np_shrimp,NP shrimp
66515,Crangon communis,twospine crangon,92,np_shrimp,NP shrimp
66530,Crangon dalli,ridged crangon,92,np_shrimp,NP shrimp
66546,Lissocrangon stylirostris,smooth crangon,92,np_shrimp,NP shrimp
66548,Crangon septemspinosa,sevenspine bay shrimp,92,np_shrimp,NP shrimp
66570,Argis sp.,(blank),92,np_shrimp,NP shrimp
66575,Argis alaskensis,common argid,92,np_shrimp,NP shrimp
66580,Argis dentata,Arctic argid,92,np_shrimp,NP shrimp
66600,Sclerocrangon sp.,(blank),92,np_shrimp,NP shrimp
66601,Sclerocrangon boreas,sculptured shrimp,92,np_shrimp,NP shrimp
66611,Argis lar,kuro argid,92,np_shrimp,NP shrimp
66612,Argis crassa,rough argid,92,np_shrimp,NP shrimp
66613,Argis levior,Nelson's argid,92,np_shrimp,NP shrimp
66614,split-eye argid,Argis ovifer,92,np_shrimp,NP shrimp
66770,Pasiphaea pacifica,Pacific glass shrimp,92,np_shrimp,NP shrimp
68000,(blank),crab unident.,0,gen_crab,Gen crab
68010,Cancer sp.,cancer crab unident.,98,misc_crabs,Misc. crabs
68020,Cancer magister,Dungeness crab,98,misc_crabs,Misc. crabs
68040,Cancer oregonensis,Oregon rock crab,98,misc_crabs,Misc. crabs
68050,Cancer productus,red rock crab,98,misc_crabs,Misc. crabs
68501,Oregonia sp.,,98,misc_crabs,Misc. crabs
68510,Oregonia gracilis,graceful decorator crab ,98,misc_crabs,Misc. crabs
68520,Chorilia longipes,Longhorned decorator crab,98,misc_crabs,Misc. crabs
68560,Chionoecetes bairdi,Tanner crab,88,bairdi,Bairdi
68570,Chionoecetes angulatus,triangle Tanner crab,98,misc_crabs,Misc. crabs
68577,Hyas coarctatus,circumboreal toad crab,98,misc_crabs,Misc. crabs
68578,Hyas lyratus,Pacific lyre crab,98,misc_crabs,Misc. crabs
68580,Chionoecetes opilio,snow crab,90,opilio,Opilio
68590,Chionoecetes hybrid,hybrid tanner crab,0,hybrid_chion,Hybrid Chion
68781,Telmessus cheiragonus,helmet crab,98,misc_crabs,Misc. crabs
69010,Paguridae,hermit crab unident.,97,hermits,Hermit crabs
69035,Pagurus sp.,(blank),97,hermits,Hermit crabs
69042,Pagurus brandti,sponge hermit ,97,hermits,Hermit crabs
69060,Pagurus aleuticus,Aleutian hermit,97,hermits,Hermit crabs
69061,Labidochirus splendescens,splendid hermit,97,hermits,Hermit crabs
69070,Pagurus confragosus,knobbyhand hermit ,97,hermits,Hermit crabs
69080,Pagurus cornutus,(blank),97,hermits,Hermit crabs
69082,Pagurus dalli,whiteknee hermit,97,hermits,Hermit crabs
69085,Pagurus kennerlyi,bluespine hermit,97,hermits,Hermit crabs
69086,Pagurus trigonocheirus,fuzzy hermit crab,97,hermits,Hermit crabs
69087,Pagurus beringanus,Bering hermit,97,hermits,Hermit crabs
69090,Pagurus ochotensis,Alaskan hermit,97,hermits,Hermit crabs
69095,Pagurus rathbuni,longfinger hermit,97,hermits,Hermit crabs
69100,Pagurus tanneri,longhand hermit,97,hermits,Hermit crabs
69110,Elassochirus tenuimanus,widehand hermit crab,97,hermits,Hermit crabs
69120,Pagurus capillatus,hairy hermit crab,97,hermits,Hermit crabs
69121,Elassochirus cavimanus,purple hermit,97,hermits,Hermit crabs
69285,fuzzy crab,Acantholithodes hispidus,98,misc_crabs,Misc. crabs
69290,Lithodes sp.,,89,king_crabs,King Crab
69310,Lithodes aequispina,golden king crab,89,king_crabs,King Crab
69312,Dermaturus mandti,(blank),98,misc_crabs,Misc. crabs
69315,Hapalogaster sp.,(blank),98,misc_crabs,Misc. crabs
69316,Hapalogaster grebnitzkii,(blank),98,misc_crabs,Misc. crabs
69322,Paralithodes camtschaticus,red king crab,89,king_crabs,King Crab
69323,Paralithodes platypus,blue king crab,89,king_crabs,King Crab
69326,Paralithodes rathbuni,spiny king crab,89,king_crabs,King Crab
69328,Cryptolithodes typica,(blank),98,misc_crabs,Misc. crabs
69336,Placetron wosnessenskii,scaled crab,98,misc_crabs,Misc. crabs
69400,Erimacrus isenbeckii,horsehair crab,98,misc_crabs,Misc. crabs
69520,Hyas sp.,(blank),98,misc_crabs,Misc. crabs
70000,Mollusca ,mollusk unident.,0,gen_mollusc,Gen Mollusc
70100,Polyplacophora unident.,chiton unident.,96,snails,Snails
70108,Cryptochiton stelleri,giant Pacific chiton,96,snails,Snails
70115,Amicula vestita,(blank),96,snails,Snails
70871,(blank),Neptunea gyroscopoides,96,snails,Snails
71001,gastropod eggs,snail  eggs,96,snails,Snails
71002,Buccinum sp. Eggs,(blank),96,snails,Snails
71003,Fusitriton oregonensis eggs,(blank),0,shells,Shells
71004,Neptunea sp. eggs,Neptunea sp. eggs,96,snails,Snails
71008,(blank),nudibranch eggs,0,shells,Shells
71010,Nudibranchia unident.,nudibranch unident.,96,snails,Snails
71011,Onchidoris bilamellata,barnacle-eating onchidoris,96,snails,Snails
71012,Tochuina tetraquetra,giant orange tochui,96,snails,Snails
71018,Dendronotus sp.,(blank),96,snails,Snails
71020,Dendronotus dalli,Dall's dendronotid,96,snails,Snails
71021,Dendronotus frondosus,frond-aeolis,96,snails,Snails
71022,Dendronotus subramosus,stubby frond-aeolis,96,snails,Snails
71025,Tritonia sp.,(blank),96,snails,Snails
71026,festive Tritonia,Tritonia festiva,96,snails,Snails
71030,Tritonia diomedea,rosy tritonia,96,snails,Snails
71202,Chlamylla sp.,(blank),96,snails,Snails
71230,Anisodoris nobilis,Pacific sea lemon,96,snails,Snails
71250,(blank),dorid nudibranch unident.,96,snails,Snails
71259,Archidorus sp.,Archidoris nudibranch,96,snails,Snails
71260,Archidoris odhneri,white night doris,96,snails,Snails
71350,Cranopsis major,great puncturella,96,snails,Snails
71405,(blank),limpet unident.,96,snails,Snails
71500,Gastropod unident.,snail unident.,96,snails,Snails
71504,Asterophila japonica,,96,snails,Snails
71510,Naticidae,(blank),96,snails,Snails
71511,Naticidae eggs,moonsnail eggs unid.,96,snails,Snails
71515,fragile moonsnail,Bulbus fragilis,96,snails,Snails
71520,purple moon snail,Amauropsis purpurea,96,snails,Snails
71524,Cryptonatica sp.,(blank),96,snails,Snails
71525,Natica sp.,(blank),96,snails,Snails
71526,Cryptonatica affinis,Arctic moonsnail,96,snails,Snails
71530,Natica clausa,(blank),96,snails,Snails
71535,Cryptonatica (=Natica) aleutica,Aleutian moonsnail,96,snails,Snails
71537,Natica russa,rusty moonsnail,96,snails,Snails
71570,Euspira (=Polinices) lewisi,(blank),96,snails,Snails
71575,Euspira (=Polinices) sp.,(blank),96,snails,Snails
71580,Euspira (=Polinices) pallidus,pale moonsnail,96,snails,Snails
71583,lamellaride,Lamellariidae,96,snails,Snails
71584,Lamellaria sp.,(blank),96,snails,Snails
71585,Onchidiopsis glacialis,icy lamellaria,96,snails,Snails
71586,Capulacmaea commoda,widemouth lamellaria,96,snails,Snails
71587,(blank),Onchidiopsis sp. A (Clark & McLean),96,snails,Snails
71589,Onchidiopsis sp. B (Clark & McLean),(blank),96,snails,Snails
71590,Onchidiopsis sp.,(blank),96,snails,Snails
71594,Lamellaria sp. D (Clark & McLean),(blank),96,snails,Snails
71631,(blank),Tachyrhynchus sp.,96,snails,Snails
71634,Tachyrhynchus erosus,eroded turretsnail,96,snails,Snails
71639,Calyptraeidae,slippersnails,96,snails,Snails
71640,Crepidula sp.,slipper shell,96,snails,Snails
71681,Crepidula grandis,great slippersnail,96,snails,Snails
71710,Colus sp.,(blank),96,snails,Snails
71713,Colus capponius,,96,snails,
71719,(blank),Colus jordani,96,snails,Snails
71721,Colus herendeenii,thin-ribbed whelk,96,snails,Snails
71722,Colus hypolispus,(blank),96,snails,Snails
71723,Colus ombronius,shady whelk,96,snails,Snails
71724,Colus roseus,rosy whelk,96,snails,Snails
71725,Colus esychus,(blank),96,snails,Snails
71726,Colus spitzbergensis,thick-ribbed whelk,96,snails,Snails
71730,Colus aphelus,oblique whelk,96,snails,Snails
71731,Colus halli,shrew whelk,96,snails,Snails
71732,Colus datuzenbergii,(blank),96,snails,Snails
71733,Colus bristolensis,,96,snails,Snails
71739,Habevolutopsius attenuatus,attenuate melon whelk,96,snails,Snails
71746,Volutopsius sp. C (Clark & McLean),(blank),96,snails,Snails
71747,Pyrulofusus sp.,(blank),96,snails,Snails
71749,Pyrulofusus dexius,,96,snails,Snails
71750,Volutopsius sp.,(blank),96,snails,Snails
71751,Volutopsius sp. eggs,(blank),96,snails,Snails
71753,Pyrulofusus deformis,warped whelk,96,snails,Snails
71755,Pyrulofusus harpa,left-hand whelk,96,snails,Snails
71756,Volutopsius fragilis,fragile whelk,96,snails,Snails
71759,Volutopsius filosus,threaded whelk,96,snails,Snails
71760,Volutopsius castaneus,volute whelk,96,snails,Snails
71761,Pyrulofusus melonis,(blank),96,snails,Snails
71762,Volutopsius simplex,simple whelk,96,snails,Snails
71763,Volutopsius stefanssoni,shouldered whelk,96,snails,Snails
71764,Volutopsius middendorffii,tulip whelk,96,snails,Snails
71765,Volutopsius trophonius,frilled whelk,96,snails,Snails
71769,Beringius sp.,(blank),96,snails,Snails
71770,Beringius kennicottii,(blank),96,snails,Snails
71771,Beringius frielei,(blank),96,snails,Snails
71772,Beringius beringii,(blank),96,snails,Snails
71774,Beringius stimpsoni,(blank),96,snails,Snails
71775,Beringius crebricostatus,thick-cord whelk,96,snails,Snails
71776,Beringius undatus,(blank),96,snails,Snails
71785,(blank),Beringius sp. F (McLean & Clark),96,snails,Snails
71787,Beringius rotundus,rotund whelk,96,snails,Snails
71792,Beringius sp. J (McLean & Clark),(blank),96,snails,Snails
71800,Neptunea sp.,(blank),96,snails,Snails
71802,Neptunea phoenicia,,96,snails,Snails
71810,Neptunea amianta,(blank),96,snails,Snails
71820,Neptunea pribiloffensis,Pribilof whelk,96,snails,Snails
71835,Neptunea borealis,(blank),96,snails,Snails
71840,Neptunea middendorffii,(blank),96,snails,Snails
71870,Neptunea lyrata,lyre whelk,96,snails,Snails
71882,Neptunea ventricosa,fat whelk,96,snails,Snails
71883,Neptunea insularis,(blank),96,snails,Snails
71884,Neptunea heros,(blank),96,snails,Snails
71885,Neptunea sp. E (Clark and McLean),,96,snails,Snails
71886,Neptunea magna,helmet whelk,96,snails,Snails
71890,Plicifusus sp.,(blank),96,snails,Snails
71891,Plicifusus kroyeri,(blank),96,snails,Snails
71892,Plicifusus incisus,(blank),96,snails,Snails
71895,Colus callorhinus,,96,snails,Snails
71896,Plicifusus oceanodromae,seahorse whelk,96,snails,Snails
71900,Plicifusus griseus,gray whelk,96,snails,Snails
71910,Liomesus sp.,(blank),96,snails,Snails
71911,Liomesus ooides,egg whelk,96,snails,Snails
71915,(blank),Neptunea sp. D (Clark & McLean),96,snails,Snails
71916,(blank),Neptunea sp. F (Clark & McLean),96,snails,Snails
71917,Neptunea sp. G (Clark & McLean),(blank),96,snails,Snails
71960,Ancistrolepis sp.,(blank),96,snails,Snails
72019,(blank),Antiplanes sp.,96,snails,Snails
72059,Aforia sp.,(blank),96,snails,Snails
72060,Aforia goodei,(blank),96,snails,Snails
72063,Aforia circinata,keeled aforia,96,snails,Snails
72065,Boreoscala greenlandica,Greenland wentletrap,96,snails,Snails
72100,Oenopota sp.,(blank),96,snails,Snails
72103,Oenopota harpa,(blank),96,snails,Snails
72104,Oenopota nobilis,,96,snails,Snails
72300,Trichotropidae,(blank),96,snails,Snails
72304,Trichotropis coronata,crowned hairysnail,96,snails,Snails
72305,Trichotropis bicarinata,two-keel hairysnail,96,snails,Snails
72401,Bering trophon,Boreotrophon beringi,96,snails,Snails
72402,Boreotrophon alaskanus,Alaskan trophon,96,snails,Snails
72403,Boreotrophon coronatus,(blank),96,snails,Snails
72406,Boreotrophon clathratus,clathrate trophon,96,snails,Snails
72420,Boreotrophon sp.,(blank),96,snails,Snails
72421,Boreotrophon  pacificus,(blank),96,snails,Snails
72500,Fusitriton oregonensis,Oregon triton,96,snails,Snails
72501,Fusitriton sp.,(blank),96,snails,Snails
72510,(blank),trochid unident.,96,snails,Snails
72511,Calliostoma sp.,Sea snails,96,snails,Snails
72531,Margarites sp.,(blank),96,snails,Snails
72532,Margarites pupillus,little margarite,96,snails,Snails
72533,Margarites giganteus,giant margarite,96,snails,Snails
72534,Margarites argentatus,(blank),96,snails,Snails
72535,boreal rosy margarite,Margarites costalis,96,snails,Snails
72538,Margarites sp. C (Clark and McLean),silvery margarite,96,snails,Snails
72540,Solariella sp.,Sea snails,96,snails,Snails
72541,Solariella obscura,obscure solarelle,96,snails,Snails
72551,Otukaia kiheiziebisu,(blank),96,snails,Snails
72740,Buccinum sp.,(blank),96,snails,Snails
72743,Buccinum angulosum,angular whelk,96,snails,Snails
72747,Buccinum oedematum,swollen whelk,96,snails,Snails
72751,Buccinum plectrum,sinuous whelk,96,snails,Snails
72752,Buccinum scalariforme,ladder whelk,96,snails,Snails
72755,Buccinum polare,polar whelk,96,snails,Snails
72756,Buccinum solenum,(blank),96,snails,Snails
72757,Buccinum ciliatum,(blank),96,snails,Snails
72758,Buccinum glaciale,glacial whelk,96,snails,Snails
72759,Buccinum tenellum,(blank),96,snails,Snails
72760,Buccinum castaneum,chestnut whelk,96,snails,Snails
72768,Ancistrolepis bicinctus,two-ribbed whelk,96,snails,Snails
72784,Buccinum moarchianum,,96,snails,
72785,Buccinum tricarinatum,(blank),96,snails,Snails
72787,Volutomitra sp.,(blank),96,snails,Snails
72789,Arctomelon sp.,(blank),96,snails,Snails
72790,Arctomelon stearnsii,Alaska volute,96,snails,Snails
72791,Arctomelon borealis,(blank),96,snails,Snails
72792,Arctomelon tamikoae,(blank),96,snails,Snails
72795,Volutomitra alaskana,(blank),96,snails,Snails
72800,Velutina undata,wavy lamellaria,96,snails,Snails
72802,Velutina plicatilis,oblique lamellaria,96,snails,Snails
72803,Velutina conica,conical lamellaria,96,snails,Snails
72804,Velutina prolongata,elongate lamellaria,96,snails,Snails
72805,Velutina velutina,smooth lamellaria,96,snails,Snails
72806,Velutina sp.,(blank),96,snails,Snails
73185,Admete laevior,(blank),96,snails,Snails
73186,Admete regina,noble admete,96,snails,Snails
73351,Cylichna alba,white chalice-bubble,96,snails,Snails
74000,Bivalvia unident.,bivalve unident.,107,bivalves,Bivalves
74050,Mytilidae,mussel unident.,107,bivalves,Bivalves
74060,Modiolus modiolus,northern horsemussel,107,bivalves,Bivalves
74065,Mytilus sp.,(blank),107,bivalves,Bivalves
74070,Mytilus californianus,California mussel,107,bivalves,
74075,Mytilus trossulus,foolish mussel,107,bivalves,Bivalves
74080,Mytilus edulis,blue mussel,107,bivalves,Bivalves
74100,Pectinid unident.,scallop unident.,107,bivalves,Bivalves
74104,Chlamys sp.,(blank),107,bivalves,Bivalves
74105,Chlamys behringiana,Iceland scallop,107,bivalves,Bivalves
74106,Chlamys rubida,reddish scallop,107,bivalves,Bivalves
74112,Chlamys pseudoislandica,false iceland scallop,107,bivalves,Bivalves
74120,Patinopecten caurinus,weathervane scallop,107,bivalves,Bivalves
74175,Parvamussium alaskense,Alaska glass-scallop,107,bivalves,Bivalves
74176,Cyclopecten sp.,(blank),107,bivalves,Bivalves
74301,Panopea abrupta,Pacific geoduck,107,bivalves,Bivalves
74310,Hiatella sp.,(blank),107,bivalves,Bivalves
74311,Hiatella arctica,Arctic hiatella,107,bivalves,Bivalves
74320,Panomya arctica,Arctic roughmya,107,bivalves,Bivalves
74321,Panomya sp.,(blank),107,bivalves,Bivalves
74322,Panomya norvegica,Arctic roughmya,107,bivalves,Bivalves
74332,Nucula sp.,(blank),107,bivalves,Bivalves
74333,Nucula tenuis,smooth nutclam,107,bivalves,Bivalves
74414,Yoldia sp.,(blank),107,bivalves,Bivalves
74416,Yoldia seminuda,crisscrossed yoldia,107,bivalves,Bivalves
74417,Yoldia myalis,oval yoldia,107,bivalves,Bivalves
74419,Yoldia thraciaeformis,broad yoldia,107,bivalves,Bivalves
74420,Yoldia hyperborea,northern yoldia,107,bivalves,Bivalves
74421,Portlandia sp.,(blank),107,bivalves,Bivalves
74435,Nuculana sp.,(blank),107,bivalves,Bivalves
74436,Nuculana pernula,northern nutclam,107,bivalves,Bivalves
74438,(blank),Nuculana conceptionis,107,bivalves,Bivalves
74439,Nuculana fossa,trenched nutclam,107,bivalves,Bivalves
74440,Nuculana buccata,stout nutclam,107,bivalves,Bivalves
74560,Musculus sp.,(blank),107,bivalves,Bivalves
74561,Musculus niger,black mussel,107,bivalves,Bivalves
74562,Musculus discors,discordant mussel,107,bivalves,Bivalves
74563,Musculus olivaceus,(blank),107,bivalves,Bivalves
74564,Crenella seminuda,partly-sculptured crenella,107,bivalves,Bivalves
74639,Astarte crenata,crenulate Astarte,107,bivalves,Bivalves
74640,Astarte sp.,(blank),107,bivalves,Bivalves
74641,Astarte borealis,boreal astarte,107,bivalves,Bivalves
74642,Astarte polaris,polar astarte,107,bivalves,Bivalves
74644,Tridonta rollandi,Rolland tridonta,107,bivalves,Bivalves
74646,Astarte arctica,,107,bivalves,Bivalves
74650,Cardita sp.,(blank),107,bivalves,Bivalves
74651,Carditidae,(blank),107,bivalves,Bivalves
74652,(blank),Cyclocardia ovata,107,bivalves,Bivalves
74654,Cyclocardia crassidens,thick carditid,107,bivalves,Bivalves
74655,Cyclocardia crebricostata,many-rib cyclocardia,107,bivalves,Bivalves
74656,Cyclocardia sp.,(blank),107,bivalves,Bivalves
74712,Vesicomya pacifica,(blank),107,bivalves,Bivalves
74803,Kellia laperousii,La Perouse kellyclam,107,bivalves,Bivalves
74980,Clinocardium sp.,(blank),107,bivalves,Bivalves
74981,(blank),cockle unident.,107,bivalves,Bivalves
74982,Clinocardium nuttallii,Nuttall cockle,107,bivalves,Bivalves
74983,Clinocardium ciliatum,hairy cockle,107,bivalves,Bivalves
74985,Clinocardium californiense,California cockle,107,bivalves,Bivalves
74986,Clinocardium blandum,strait cockle,107,bivalves,Bivalves
75020,Saxidomus nuttalli,Washington clam,107,bivalves,Bivalves
75021,Saxidomus giganteus,butter clam,107,bivalves,Bivalves
75030,Protothaca staminea,Pacific littleneck,107,bivalves,Bivalves
75092,Liocyma fluctosa,wavy liocyma,107,bivalves,Bivalves
75110,Mactromeris sp.,(blank),107,bivalves,Bivalves
75111,Mactromeris polynyma,Arctic surfclam,107,bivalves,Bivalves
75201,Tellina sp.,(blank),107,bivalves,Bivalves
75203,Tellina nuculoides,salmon tellin,107,bivalves,Bivalves
75205,Tellina lutea,Alaska great-tellin,107,bivalves,Bivalves
75240,Macoma sp.,(blank),107,bivalves,Bivalves
75241,Macoma nasuta,bent-nose macoma,107,bivalves,Bivalves
75242,Macoma calcarea,chalky macoma,107,bivalves,Bivalves
75243,Macoma yoldiaformis,(blank),107,bivalves,Bivalves
75247,Macoma brota,heavy macoma,107,bivalves,Bivalves
75248,Macoma inquinata,pointed Macoma,107,bivalves,Bivalves
75264,Siliqua sp.,(blank),107,bivalves,Bivalves
75266,Siliqua patula,Pacific razor,107,bivalves,Bivalves
75267,Siliqua alta,Alaska razor,107,bivalves,Bivalves
75284,Serripes sp.,(blank),107,bivalves,Bivalves
75285,Serripes groenlandicus,Greenland cockle,107,bivalves,Bivalves
75286,Serripes laperousii,broad cockle,107,bivalves,Bivalves
75287,oblique smoothcockle,Serripes notabilis,107,bivalves,Bivalves
75330,Mya sp.,(blank),107,bivalves,Bivalves
75331,Mya baxteri,,107,bivalves,Bivalves
75332,Mya arenaria,softshell,107,bivalves,Bivalves
75333,Mya truncata,truncate softshell,107,bivalves,Bivalves
75335,Mya pseudoarenaria,false softshell,107,bivalves,Bivalves
75336,Mya elegans,elegant soft shell,107,bivalves,Bivalves
75381,Shipworm unident.,Teredinidae,107,bivalves,Bivalves
75600,Pododesmus macroschisma,Alaska falsejingle,107,bivalves,Bivalves
75601,Pododesmus cepio,abalone jingle,107,bivalves,Bivalves
75605,Pododesmus sp.,(blank),107,bivalves,Bivalves
75610,Anomiidae,falsejingles unident.,107,bivalves,Bivalves
77011,Dentalium sp.,(blank),107,bivalves,Bivalves
77012,Rhabdus dalli,Dall tuskshell,107,bivalves,Bivalves
78000,Cephalopoda unident.,cephalopod unident.,77,octopus,Octopi 
78001,(blank),cuttlefish unident.,77,octopus,Octopi 
78010,Octopodidae,octopus unident.,77,octopus,Octopi 
78012,Benthoctopus leioderma,smoothskin octopus,77,octopus,Octopi 
78013,Benthoctopus sibiricus,(blank),77,octopus,Octopi 
78020,Octopus sp.,(blank),77,octopus,Octopi 
78403,Octopus dofleini,giant octopus,77,octopus,Octopi 
78452,Benthoctopus sp.,(blank),77,octopus,Octopi 
78454,(blank),Sasakiopus salebrosus,77,octopus,Octopi 
78455,Benthoctopus oregonensis,(blank),77,octopus,Octopi 
79000,Teuthoidea,squid unident.,78,squids,Squids
79020,Rossia pacifica,eastern Pacific bobtail,78,squids,Squids
79120,Loligo opalescens,California market squid,78,squids,Squids
79200,Gonatus sp.,(blank),78,squids,Squids
79210,Berryteuthis magister,magistrate armhook squid,78,squids,Squids
80000,Asteroidea unident.,starfish unident.,93,sea_stars,Sea stars
80005,Ceramaster leptoceramus,(blank),93,sea_stars,Sea stars
80010,Evasterias sp.,(blank),93,sea_stars,Sea stars
80012,Evasterias retifera,,93,sea_stars,Sea stars
80015,Evasterias troschelii,mottled sea star,93,sea_stars,Sea stars
80020,Evasterias echinosoma,giant sea star,93,sea_stars,Sea stars
80106,Orthasterias koehleri,redbanded sea star,93,sea_stars,Sea stars
80110,Leptasterias groenlandica,(blank),93,sea_stars,Sea stars
80111,Leptasterias hexactis,(blank),93,sea_stars,Sea stars
80112,Leptasterias hylodes,Aleutian sea star,93,sea_stars,Sea stars
80115,Leptasterias coei,,93,sea_stars,Sea stars
80160,Pycnopodia helianthoides,sunflower sea star,93,sea_stars,Sea stars
80200,Lethasterias nanimensis,blackspined sea star,93,sea_stars,Sea stars
80230,Pedicellaster magister,majestic sea star,93,sea_stars,Sea stars
80537,mottled Henricia,Henricia sp. C (Clark 2006),93,sea_stars,Sea stars
80540,Henricia sp.,(blank),93,sea_stars,Sea stars
80542,Henricia sanguinolenta,sanguine sea star,93,sea_stars,Sea stars
80544,Henricia leviuscula,blood sea star,93,sea_stars,Sea stars
80546,Henricia tumida,tumid sea star,93,sea_stars,Sea stars
80547,(blank),Henricia asthenactis,93,sea_stars,Sea stars
80549,spiny Henricia,Henricia spiculifera,93,sea_stars,Sea stars
80551,Odontohenricia sp.,(blank),93,sea_stars,Sea stars
80590,Leptasterias polaris,(blank),93,sea_stars,Sea stars
80591,(blank),Leptasterias katharinae,93,sea_stars,Sea stars
80594,Leptasterias arctica,(blank),93,sea_stars,Sea stars
80595,Leptasterias sp.,(blank),93,sea_stars,Sea stars
80596,Leptasterias camtschatica,,93,sea_stars,Sea stars
80597,Aleutihenricia beringiana,Bering Henricia,93,sea_stars,Sea stars
80602,Gephyreaster swifti,Swift's sea star,93,sea_stars,Sea stars
80610,Pseudarchaster sp.,(blank),93,sea_stars,Sea stars
80620,Pseudarchaster alascensis,(blank),93,sea_stars,Sea stars
80650,Hippasteria spinosa,spiny red sea star,93,sea_stars,Sea stars
80660,Pseudarchaster parelii,scarlet sea star,93,sea_stars,Sea stars
80690,Mediaster sp.,(blank),93,sea_stars,Sea stars
80710,Mediaster aequalis,vermilion sea star,93,sea_stars,Sea stars
80728,Ceramaster sp.,(blank),93,sea_stars,Sea stars
80729,Ceramaster japonicus,red bat star,93,sea_stars,Sea stars
80730,Ceramaster patagonicus,orange bat sea star,93,sea_stars,Sea stars
80731,Ceramaster arcticus,Arctic bat sea star,93,sea_stars,Sea stars
80733,(blank),Ceramaster stellatus,93,sea_stars,Sea stars
80910,Dermasterias imbricata,leather sea star,93,sea_stars,Sea stars
81060,Solaster sp.,(blank),93,sea_stars,Sea stars
81061,Solaster endeca,northern sun sea star,93,sea_stars,Sea stars
81064,Solaster dawsoni,morning sun sea star,93,sea_stars,Sea stars
81065,Solaster stimpsoni,striped sun sea star,93,sea_stars,Sea stars
81068,Solaster sp. C (Clark),beautiful sun star,93,sea_stars,Sea stars
81071,Solaster sp. F (Clark),Fisher sun star,93,sea_stars,Sea stars
81090,Crossaster sp.,(blank),93,sea_stars,Sea stars
81092,Crossaster borealis,grooved sea star,93,sea_stars,Sea stars
81095,Crossaster papposus,rose sea star,93,sea_stars,Sea stars
81310,Pteraster sp.,(blank),93,sea_stars,Sea stars
81312,cushion sea star,Pteraster temnochiton,93,sea_stars,Sea stars
81315,Pteraster tesselatus,(blank),93,sea_stars,Sea stars
81316,Pteraster jordani,,93,sea_stars,Sea stars
81318,Pteraster sp. D (Clark),(blank),93,sea_stars,Sea stars
81320,Pteraster militaris,wrinkled star,93,sea_stars,Sea stars
81323,Pteraster sp. F (Clark),,93,sea_stars,Sea stars
81355,Pteraster obscurus,obscure sea star,93,sea_stars,Sea stars
81360,Diplopteraster multipes,pincushion sea star,93,sea_stars,Sea stars
81361,Diplopteraster sp.,(blank),93,sea_stars,Sea stars
81741,Asterias sp.,(blank),93,sea_stars,Sea stars
81742,Asterias amurensis,purple-orange sea star,93,sea_stars,Sea stars
81779,Ctenodiscus sp.,(blank),93,sea_stars,Sea stars
81780,Ctenodiscus crispatus,common mud star,93,sea_stars,Sea stars
81820,Leptychaster sp.,(blank),93,sea_stars,Sea stars
81829,Leptychaster anomalus,(blank),93,sea_stars,Sea stars
81830,Leptychaster pacificus,(blank),93,sea_stars,Sea stars
81835,Leptychaster arcticus,North Pacific sea star,93,sea_stars,Sea stars
81850,Dipsacaster sp.,(blank),93,sea_stars,Sea stars
81870,Dipsacaster borealis,northern sea star,93,sea_stars,Sea stars
81910,Cheiraster (=Luidiaster) dawsoni,fragile sea star,93,sea_stars,Sea stars
82500,Echinacea unident.,sea urchin unident.,95,urchins_dollars_cucs,Urchins dollars cucumbers
82510,Strongylocentrotus droebachiensis,green sea urchin,95,urchins_dollars_cucs,Urchins dollars cucumbers
82511,Strongylocentrotus sp.,(blank),95,urchins_dollars_cucs,Urchins dollars cucumbers
82520,Strongylocentrotus franciscanus,red sea urchin,95,urchins_dollars_cucs,Urchins dollars cucumbers
82522,Strongylocentrotus polyacanthus,(blank),95,urchins_dollars_cucs,Urchins dollars cucumbers
82526,Strongylocentrotus pallidus,white sea urchin,95,urchins_dollars_cucs,Urchins dollars cucumbers
82530,Allocentrotus fragilis,orange-pink sea urchin,95,urchins_dollars_cucs,Urchins dollars cucumbers
82535,Allocentrotus sp.,(blank),95,urchins_dollars_cucs,Urchins dollars cucumbers
82730,(blank),sand dollar unident.,95,urchins_dollars_cucs,Urchins dollars cucumbers
82740,Echinarachnius parma,parma sand dollar,95,urchins_dollars_cucs,Urchins dollars cucumbers
83000,Ophiuroid unident.,brittlestarfish unident.,94,brittle_stars,Brittle stars
83010,(blank),Ophiuridae,94,brittle_stars,Brittle stars
83020,Gorgonocephalus eucnemis,basketstar,94,brittle_stars,Brittle stars
83021,Gorgonocephalus sp. cf. arcticus,,94,brittle_stars,Brittle stars
83022,Gorgonocephalus sp.,,94,brittle_stars,Brittle stars
83060,Asteronyx sp.,(blank),94,brittle_stars,Brittle stars
83070,Asteronyx loveni,serpent sea star,94,brittle_stars,Brittle stars
83310,Ophiura sp.,(blank),94,brittle_stars,Brittle stars
83311,(blank),Ophiura cryptolepis,94,brittle_stars,Brittle stars
83320,Ophiura sarsi,notched brittlestar,94,brittle_stars,Brittle stars
83336,(blank),Amphiophiura nodosa,94,brittle_stars,Brittle stars
83342,Ophiacantha sp.,Brittlestar genus,94,brittle_stars,Brittle stars
83345,(blank),Ophiacantha cataleimmoida,94,brittle_stars,Brittle stars
83360,Ophiopholis sp.,(blank),94,brittle_stars,Brittle stars
83390,(blank),Ophiopholis longispina,94,brittle_stars,Brittle stars
83391,Ophiopholis japonica,,94,brittle_stars,Brittle stars
83392,Ophiopholis kennerleyi,,94,brittle_stars,Brittle stars
83400,Ophiopholis aculeata,ubiquitous brittle star,94,brittle_stars,Brittle stars
83411,Ophiolebes sp.,(blank),94,brittle_stars,Brittle stars
83660,Amphiuridae,burrowing brittle star unid.,94,brittle_stars,
85000,Holothuroidea unident.,sea cucumber unident.,95,urchins_dollars_cucs,Urchins dollars cucumbers
85070,sandy sea cucumber,Pseudostichopus mollis,95,urchins_dollars_cucs,Urchins dollars cucumbers
85085,Myriotrochus rinkii,,95,urchins_dollars_cucs,
85115,Molpadia sp.,(blank),95,urchins_dollars_cucs,Urchins dollars cucumbers
85120,Molpadia intermedia,sweet sea potato,95,urchins_dollars_cucs,Urchins dollars cucumbers
85169,Pentamera lissoplaca,crescent sea cucumber,95,urchins_dollars_cucs,Urchins dollars cucumbers
85170,Pentamera sp.,,95,urchins_dollars_cucs,Urchins dollars cucumbers
85171,Pentamera sp. A (Clark 2006),(blank),95,urchins_dollars_cucs,Urchins dollars cucumbers
85180,Bathyplotes sp.,(blank),95,urchins_dollars_cucs,Urchins dollars cucumbers
85200,Cucumaria sp.,(blank),95,urchins_dollars_cucs,Urchins dollars cucumbers
85201,Cucumaria fallax,sea football,95,urchins_dollars_cucs,Urchins dollars cucumbers
85202,Cucumaria frondosa,(blank),95,urchins_dollars_cucs,Urchins dollars cucumbers
85210,Psolus sp.,(blank),95,urchins_dollars_cucs,Urchins dollars cucumbers
85219,brownscaled sea cucumber,Psolus fabricii,95,urchins_dollars_cucs,Urchins dollars cucumbers
85220,Psolus squamatus,whitescaled sea cucumber,95,urchins_dollars_cucs,Urchins dollars cucumbers
85222,(blank),Psolus japonicus,95,urchins_dollars_cucs,Urchins dollars cucumbers
85289,Synallactes sp.,,95,urchins_dollars_cucs,Urchins dollars cucumbers
85290,Synallactes challengeri,(blank),95,urchins_dollars_cucs,Urchins dollars cucumbers
90000,Foraminifera,foraminiferan unident.,106,sponges,Sponges
91000,Porifera,sponge unident.,106,sponges,Sponges
91005,(blank),vase sponge,106,sponges,Sponges
91010,Demospongiae,,106,sponges,Sponges
91015,Suberites sp.,(blank),106,sponges,Sponges
91016,Suberites ficus,hermit sponge,106,sponges,Sponges
91017,Suberites sp. A (Clark 2006),wax sponge,106,sponges,Sponges
91019,Suberites montalbidus,stinky sponge,106,sponges,Sponges
91020,Suberites domuncula,hermit sponge,106,sponges,Sponges
91030,Aphrocallistes vastus,clay pipe sponge,106,sponges,Sponges
91039,(blank),Mycale sp.,106,sponges,Sponges
91040,Mycale loveni,tree sponge,106,sponges,Sponges
91049,Halichondria sp.,(blank),106,sponges,Sponges
91050,Halichondria panicea,barrel sponge,106,sponges,Sponges
91053,Rhabdocalyptus sp.,cloud sponge,106,sponges,Sponges
91056,Phakellia cribrosa,(blank),106,sponges,Sponges
91057,(blank),scapula sponge,106,sponges,Sponges
91060,Myxilla incrustans,scallop sponge,106,sponges,Sponges
91063,hat sponge,Phakellia beringensis,106,sponges,Sponges
91064,Plicatellopsis amphispicula,firm finger sponge,106,sponges,Sponges
91067,Porifera,club sponge,106,sponges,Sponges
91068,Leucosolenia blanca,yellow leafy sponge,106,sponges,Sponges
91069,Tethya sp.,ball sponge,106,sponges,Sponges
91074,(blank),Polymastia sp.,106,sponges,Sponges
91087,stone sponge,(blank),106,sponges,Sponges
91093,(blank),Neoesperiopsis digitata,106,sponges,Sponges
91105,Stelletta sp.,stone sponge,106,sponges,Sponges
91110,Polymastia fluegeli,Flugel nippled sponge,106,sponges,Sponges
91226,Latrunculia oparinae,green papillate sponge,106,sponges,Sponges
91237,Stelodoryx alaskensis,Alaskan lobed sponge,106,sponges,Sponges
91261,Monanchora alaskensis,,106,sponges,Sponges
91700,Hexactinellida,glass sponge unident.,106,sponges,Sponges
91710,Aulosaccus schulzei,vase sponge,106,sponges,Sponges
92000,Platyhelminthes,flatworm unident.,109,misc_worms,Misc. worms 
92021,Polycladida,polyclad flatworm unident.,109,misc_worms,Misc. worms 
92500,Nemertea,nemertean worm unident.,109,misc_worms,Misc. worms 
92502,Emplectonema sp.,(blank),109,misc_worms,Misc. worms 
92511,Tubulanus polymorphus,orange ribbon worm,109,misc_worms,
92900,Maldanidae,bamboo worm unid.,108,polychaetes,
93100,Priapula,priapulid worm unident.,109,misc_worms,Misc. worms 
93500,Nematoda,nematode worm unident.,109,misc_worms,Misc. worms 
94000,Sipuncula,peanut worm unid.,109,misc_worms,Misc. worms 
94011,(blank),Phascolosomatidae,109,misc_worms,Misc. worms 
94500,Echiura,echiuroid worm unident.,109,misc_worms,Misc. worms 
94900,Phoronida,phoronida tube worm unident.,109,misc_worms,Misc. worms 
95000,Bryozoa unident.,bryozoan unident.,0,bryozoan,Bryozoan
95006,(blank),Leieschara orientalis,0,bryozoan,Bryozoan
95007,Myriapora sp.,,0,bryozoan,
95010,(blank),bryozoan sp. A unident.,0,bryozoan,Bryozoan
95017,Bugula californica,(blank),0,bryozoan,Bryozoan
95020,Eucratea loricata,feathery bryozoan,0,bryozoan,Bryozoan
95030,Flustra serrulata,leafy bryozoan,0,bryozoan,Bryozoan
95035,Flustrellidra corniculata,(blank),0,bryozoan,Bryozoan
95036,(blank),Alcyonidium pedunculatum,0,bryozoan,Bryozoan
95037,Alcyonidium sp. A,medusa bryozoan,0,bryozoan,Bryozoan
95038,Alcyonidium sp.,(blank),0,bryozoan,Bryozoan
95039,Alcyonidium disciforme,disc bryozoan,0,bryozoan,Bryozoan
95040,Myriapora subgracilis,,0,bryozoan,Bryozoan
95041,Alcyonidium enteromorpha,noodle bryozoan,0,bryozoan,Bryozoan
95050,Porella compressa,flattened bryozoan,0,bryozoan,Bryozoan
95060,Escharopsis sarsi,(blank),0,bryozoan,Bryozoan
95070,Rhamphostomella costata,ribbed bryozoan,0,bryozoan,Bryozoan
95071,Hippoporina insculpta,,0,bryozoan,Bryozoan
95080,Cellepora ventricosa,coral bryozoan,0,bryozoan,Bryozoan
95100,Microporina articulata,,0,bryozoan,Bryozoan
95105,Dendrobeania sp.,(blank),0,bryozoan,Bryozoan
97000,brachiopod unident.,lampshell unident.,0,bryozoan,Bryozoan
97110,Terebratalia transversa,common brachiopod,0,bryozoan,Bryozoan
97116,Laqueus californianus,California lamp shell,0,bryozoan,Bryozoan
97120,black brachiopod,Hemithiris psittacea,0,bryozoan,Bryozoan
98000,Ascidian unident.,tunicate unident.,104,urochordata,Urochordata
98001,Ascidian n. sp. A,cow-eye tunicate,104,urochordata,Urochordata
98002,Ascidian n. sp. B,transparent tunicate,104,urochordata,Urochordata
98070,Thaliacea unident.,salp unident.,104,urochordata,Urochordata
98080,Styela sp.,(blank),104,urochordata,Urochordata
98082,Styela rustica,sea potato,104,urochordata,Urochordata
98100,Boltenia sp.,(blank),104,urochordata,Urochordata
98102,Boltenia ecinata,,104,urochordata,Urochordata
98105,Boltenia ovifera,(blank),104,urochordata,Urochordata
98200,Halocynthia sp.,sea peach unident.,104,urochordata,Urochordata
98204,Halocynthia igaboja,(blank),104,urochordata,Urochordata
98205,Halocynthia aurantium,sea peach,104,urochordata,Urochordata
98212,Distaplia occidentalis,globular ascidian,104,urochordata,Urochordata
98213,Distaplia smithi,paddle ascidian,104,urochordata,Urochordata
98214,Distaplia sp. A (Clark 2006),peach ascidian,104,urochordata,Urochordata
98219,(blank),Aplidium californicum,104,urochordata,Urochordata
98300,(blank),compound ascidian unident.,104,urochordata,Urochordata
98302,Amaroucium sp.,(blank),104,urochordata,Urochordata
98310,Aplidium sp.,sea glob,104,urochordata,Urochordata
98311,Aplidium new species a,orange aplidium,104,urochordata,Urochordata
98312,Aplidium sp.,(blank),104,urochordata,Urochordata
98320,Synoicum sp.,sea blob,104,urochordata,Urochordata
98322,Ascidia paratropa,glassy tunicate,104,urochordata,Urochordata
98324,Halocynthia hispidus,hairy tunicate,104,urochordata,Urochordata
99900,Molgula sp.,(blank),104,urochordata,Urochordata
99902,Molgula grifithsii,sea grape,104,urochordata,Urochordata
99904,Molgula retortiformis,sea clod,104,urochordata,Urochordata
99987,Craniella sp.,puffball sponges,106,sponges,Sponges
99990,(blank),invertebrate unident.,0,gen_invert,Gen Invert
99991,(blank),empty barnacle shells,0,shells,Shells
99993,(blank),empty bivalve shells,0,shells,Shells
99994,(blank),empty gastropod shells,0,shells,Shells
99997,(blank),unsorted catch and debris,0,shells,Shells
99998,Polychaete tubes,(blank),0,tubes,Tubes
