RACE,SCIENTIFIC,COMMON,ECOPATH_Num,ECOPATH_Name
1,(blank),fish egg unid.,107,Fish Larvae
2,(blank),fish larvae unid.,107,Fish Larvae
3,(blank),fish unid.,0,Gen Fish
10,Petromyzontidae,lamprey unid.,73,Misc. fish shallow
21,Lampetra tridentata,Pacific lamprey,73,Misc. fish shallow
232,Lamna ditropis,salmon shark,27,Salmon shark
310,Squalus suckleyi,spiny dogfish,28,Dogfish
320,Somniosus pacificus,Pacific sleeper shark,26,Sleeper shark
400,Rajidae,skate unid.,54,Other skates
401,(blank),skate egg case unid.,54,Other skates
402,Bathyraja sp. egg case,,54,Other skates
404,Raja sp.,,54,Other skates
405,Bathyraja sp.,,54,Other skates
406,Bathyraja spinosissima,white skate,54,Other skates
410,Bathyraja abyssicola,deepsea skate,54,Other skates
411,Bathyraja abyssicola egg case,deepsea skate egg case,54,Other skates
420,Beringraja binoculata,big skate,54,Other skates
435,Bathyraja interrupta,Bering skate,54,Other skates
436,Bathyraja interrupta egg case,,54,Other skates
440,Raja rhina,longnose skate,54,Other skates
441,Raja rhina egg case,longnose skate egg case,54,Other skates
446,Raja badia egg case,,54,Other skates
455,Bathyraja taranetzi,mud skate,54,Other skates
456,Bathyraja taranetzi egg case,mud skate egg case,54,Other skates
460,Bathyraja trachura,roughtail skate,54,Other skates
471,Bathyraja parmifera,Alaska skate,53,Alaska skate
472,Bathyraja aleutica,Aleutian skate,54,Other skates
473,Bathyraja aleutica egg case,Aleutian skate egg case,54,Other skates
474,Bathyraja parmifera egg case,Alaska skate egg case,54,Other skates
475,Bathyraja lindbergi,Commander skate,54,Other skates
477,Bathyraja panthera,leopard skate,54,Other skates
478,Bathyraja panthera egg case,leopard skate egg case,54,Other skates
480,Bathyraja maculata,whiteblotched skate,54,Other skates
481,Bathyraja maculata egg case,whiteblotched skate egg case,54,Other skates
483,Bathyraja mariposa,butterfly skate,54,Other skates
484,Bathyraja mariposa egg case,butterfly skate egg case,54,Other skates
485,Bathyraja minispinosa,whitebrow skate,54,Other skates
486,Bathyraja minispinosa egg case,whitebrow skate egg case,54,Other skates
490,Bathyraja smirnovi,golden skate,54,Other skates
495,Bathyraja violacea,Okhotsk skate,54,Other skates
10008,Citharichthys sp.,sanddab unid.,52,Misc. Flatfish
10110,Atheresthes stomias,arrowtooth flounder,36,Arrowtooth
10111,Atheresthes sp.,,36,Arrowtooth
10112,Atheresthes evermanni,Kamchatka flounder,38,Kamchatka fl.
10115,Reinhardtius hippoglossoides,Greenland turbot,40,Gr. Turbot
10120,Hippoglossus stenolepis,Pacific halibut,42,P. Halibut
10130,Hippoglossoides elassodon,flathead sole,46,FH. Sole
10150,Lyopsetta exilis,slender sole,52,Misc. Flatfish
10160,Eopsetta jordani,petrale sole,52,Misc. Flatfish
10170,Parophrys vetulus,English sole,52,Misc. Flatfish
10180,Microstomus pacificus,Dover sole,50,Dover Sole
10200,Glyptocephalus zachirus,rex sole,51,Rex Sole
10210,Limanda aspera,yellowfin sole,44,YF. Sole
10220,Platichthys stellatus,starry flounder,52,Misc. Flatfish
10260,Lepidopsetta sp.,rock sole unid.,47,N. Rock sole
10261,Lepidopsetta polyxystra,northern rock sole,47,N. Rock sole
10262,Lepidopsetta bilineata,southern rock sole,48,S. Rock sole
10270,Isopsetta isolepis,butter sole,52,Misc. Flatfish
10285,Pleuronectes quadrituberculatus,Alaska plaice,49,AK Plaice
20000,Agonidae,poacher unid.,73,Misc. fish shallow
20004,Leptagonus sp.,,73,Misc. fish shallow
20005,Leptagonus leptorhynchus,longnose poacher,73,Misc. fish shallow
20006,Leptagonus frenatus,sawback poacher,73,Misc. fish shallow
20007,Leptagonus decagonus,Atlantic poacher,73,Misc. fish shallow
20015,Agonopsis vulsa,northern spearnose poacher,73,Misc. fish shallow
20018,Odontopyxis trispinosa,pygmy poacher,73,Misc. fish shallow
20034,Bathyagonus sp.,starsnout poacher unid.,73,Misc. fish shallow
20035,Bathyagonus alascanus,gray starsnout,73,Misc. fish shallow
20036,Bathyagonus infraspinatus,spinycheek starsnout,73,Misc. fish shallow
20038,Bathyagonus nigripinnis,blackfin poacher,73,Misc. fish shallow
20040,Podothecus accipenserinus,sturgeon poacher,73,Misc. fish shallow
20050,Aspidophoroides monopterygius,Aleutian alligatorfish,73,Misc. fish shallow
20055,Anoplagonus inermis,smooth alligatorfish,73,Misc. fish shallow
20071,Hypsagonus quadricornis,fourhorn poacher,73,Misc. fish shallow
20100,Alepocephalidae,slickhead unid.,59,Misc. fish deep
20202,Ammodytes sp.,sand lance unid.,81,Sandlance
20204,Ammodytes personatus,Pacific sand lance,81,Sandlance
20320,Anarrhichthys ocellatus,wolf-eel,73,Misc. fish shallow
20510,Anoplopoma fimbria,sablefish,56,Sablefish
20572,Nansenia candida,bluethroat argentine,84,Oth. pelagic smelt
20614,Bathylagidae,deepsea smelt unid.,78,Bathylagidae
20615,Bathylagus pacificus,Pacific blacksmelt,78,Bathylagidae
20619,Bathylagus sp.,blacksmelt unid.,78,Bathylagidae
20620,Bathylagus milleri,robust blacksmelt,78,Bathylagidae
20622,Leuroglossus schmidti,northern smoothtongue,78,Bathylagidae
20624,Bathylagus ochotensis,popeye blacksmelt,78,Bathylagidae
20660,Leuroglossus sp.,,78,Bathylagidae
20662,Leuroglossus stilbius,California smoothtongue,78,Bathylagidae
20700,Bathymasteridae,ronquil unid.,73,Misc. fish shallow
20702,Ronquilus jordani,northern ronquil,73,Misc. fish shallow
20712,Bathymaster caeruleofasciatus,Alaskan ronquil,73,Misc. fish shallow
20713,Bathymaster leurolepis,smallmouth ronquil,73,Misc. fish shallow
20720,Bathymaster signatus,searcher,73,Misc. fish shallow
20731,Rathbunella hypoplecta,smooth ronquil,73,Misc. fish shallow
20900,Ophidiidae,cusk-eel unid.,59,Misc. fish deep
20980,Ceratiidae,seadevils unid.,59,Misc. fish deep
21000,Chauliodontinae,viperfish unid.,59,Misc. fish deep
21010,Chauliodus macouni,Pacific viperfish,59,Misc. fish deep
21110,Clupea pallasii,Pacific herring,34,Herring
21200,Macrouridae,grenadier unid.,58,Grenadiers
21230,Coryphaenoides pectoralis,giant grenadier,58,Grenadiers
21232,Coryphaenoides cinereus,popeye grenadier,58,Grenadiers
21238,Coryphaenoides filifer,filamented grenadier,58,Grenadiers
21300,Cottidae,sculpin unid.,72,Other sculpins
21307,Icelinus sp.,,72,Other sculpins
21308,Thyriscus anoplus,sponge sculpin,72,Other sculpins
21311,Icelinus borealis,northern sculpin,72,Other sculpins
21313,Gymnocanthus sp.,,72,Other sculpins
21314,Gymnocanthus pistilliger,threaded sculpin,72,Other sculpins
21315,Gymnocanthus tricuspis,Arctic staghorn sculpin,72,Other sculpins
21316,Gymnocanthus galeatus,armorhead sculpin,72,Other sculpins
21320,Radulinus asprellus,slim sculpin,72,Other sculpins
21331,Artediellus sp.,,72,Other sculpins
21332,Artediellus miacanthus,bride sculpin,72,Other sculpins
21333,Artediellus pacificus,hookhorn sculpin,72,Other sculpins
21337,Bolinia euryptera,broadfin sculpin,72,Other sculpins
21338,Malacocottus aleuticus,whitetail sculpin,72,Other sculpins
21339,Malacocottus sp.,,72,Other sculpins
21340,Malacocottus kincaidi,blackfin sculpin,72,Other sculpins
21341,Malacocottus zonurus,darkfin sculpin,72,Other sculpins
21343,Hemilepidotus gilberti,banded Irish lord,71,Lg. Sculpins
21345,Hemilepidotus zapus,longfin Irish lord,71,Lg. Sculpins
21346,Hemilepidotus hemilepidotus,red Irish lord,71,Lg. Sculpins
21347,Hemilepidotus jordani,yellow Irish lord,71,Lg. Sculpins
21348,Hemilepidotus papilio,butterfly sculpin,71,Lg. Sculpins
21349,Archistes plumarius,plumed sculpin,72,Other sculpins
21350,Triglops sp.,,72,Other sculpins
21352,Triglops forficata,scissortail sculpin,72,Other sculpins
21353,Triglops metopias,highbrow sculpin,72,Other sculpins
21354,Triglops scepticus,spectacled sculpin,72,Other sculpins
21355,Triglops pingeli,ribbed sculpin,72,Other sculpins
21356,Triglops macellus,roughspine sculpin,72,Other sculpins
21359,Archistes biseriatus,scaled sculpin,72,Other sculpins
21360,Microcottus sellaris,brightbelly sculpin,72,Other sculpins
21368,Myoxocephalus scorpius,shorthorn (=warty) sculpin,71,Lg. Sculpins
21369,Myoxocephalus niger,warthead sculpin,71,Lg. Sculpins
21370,Myoxocephalus polyacanthocephalus,great sculpin,71,Lg. Sculpins
21371,Myoxocephalus jaok,plain sculpin,71,Lg. Sculpins
21375,Myoxocephalus sp.,,71,Lg. Sculpins
21377,Myoxocephalus quadricornis,fourhorn sculpin,72,Other sculpins
21380,Leptocottus armatus,Pacific staghorn sculpin,72,Other sculpins
21384,Enophrys sp.,,72,Other sculpins
21387,Enophrys lucasi,leister sculpin,72,Other sculpins
21388,Enophrys diceraus,antlered sculpin,72,Other sculpins
21390,Dasycottus setiger,spinyhead sculpin,72,Other sculpins
21393,Psychrolutes sp.,,72,Other sculpins
21394,Psychrolutes paradoxus,tadpole sculpin,72,Other sculpins
21395,Psychrolutes phrictus,blob sculpin,72,Other sculpins
21405,Nautichthys pribilovius,eyeshade sculpin,72,Other sculpins
21406,Nautichthys oculofasciatus,sailfin sculpin,72,Other sculpins
21415,Rhamphocottus richardsoni,grunt sculpin,72,Other sculpins
21420,Hemitripterus bolini,bigmouth sculpin,71,Lg. Sculpins
21422,Hemitripterus bolini egg,bigmouth sculpin egg,107,Fish Larvae
21429,Triglops xenostethus,scalybreasted sculpin,72,Other sculpins
21438,Icelus spiniger,thorny sculpin,72,Other sculpins
21439,Icelus canaliculatus,blacknose sculpin,72,Other sculpins
21440,Icelus euryops,wide-eye sculpin,72,Other sculpins
21441,Icelus spatula,spatulate sculpin,72,Other sculpins
21443,Icelus uncinalis,uncinate sculpin,72,Other sculpins
21444,Rastrinus scutiger,roughskin sculpin,72,Other sculpins
21445,Jordania zonope,longfin sculpin,72,Other sculpins
21446,Icelus sp.,,72,Other sculpins
21447,Paricelinus hopliticus,thornback sculpin,72,Other sculpins
21592,Trichodon trichodon,Pacific sandfish,83,Oth. managed forage
21594,Chiasmodontidae,swallowers,59,Misc. fish deep
21705,Gadidae,cod unid.,0,Gen fish
21720,Gadus macrocephalus,Pacific cod,32,P. Cod
21731,Antimora microlepis,Pacific flatnose,0,Gen fish
21740,Gadus chalcogrammus,walleye pollock,30,W. Pollock
21800,Gonostomatidae,bristlemouth unid.,83,Oth. managed forage
21805,Sigmops gracilis,slender fangjaw,83,Oth. managed forage
21810,Cyclothone sp.,,83,Oth. managed forage
21811,Cyclothone atraria,black bristlemouth,83,Oth. managed forage
21815,Cyclothone acclinidens,benttooth bristlemouth,83,Oth. managed forage
21900,Hexagrammidae,greenling unid.,70,Greenlings
21921,Pleurogrammus monopterygius,Atka mackerel,69,Atka mackerel
21931,Hexagrammos octogrammus,masked greenling,70,Greenlings
21934,Hexagrammos lagocephalus,rock greenling,70,Greenlings
21935,Hexagrammos decagrammus,kelp greenling,70,Greenlings
22170,Cyclopteridae,lumpsucker unid.,73,Misc. fish shallow
22173,Lethotremus sp.,,73,Misc. fish shallow
22175,Aptocyclus ventricosus,smooth lumpsucker,73,Misc. fish shallow
22176,Lethotremus muticus,docked snailfish,73,Misc. fish shallow
22177,Eumicrotremus birulai,round lumpsucker,73,Misc. fish shallow
22178,Eumicrotremus orbis,Pacific spiny lumpsucker,73,Misc. fish shallow
22180,Eumicrotremus gyrinops,Alaskan lumpsucker,73,Misc. fish shallow
22182,Eumicrotremus andriashevi,pimpled lumpsucker,73,Misc. fish shallow
22183,Eumicrotremus sp.,spiny lumpsuckers,73,Misc. fish shallow
22184,Eumicrotremus barbatus,papillose lumpsucker,73,Misc. fish shallow
22190,Eumicrotremus phrynoides,toad lumpsucker,73,Misc. fish shallow
22200,Liparidae,snailfish unid.,73,Misc. fish shallow
22201,Liparis sp.,,73,Misc. fish shallow
22204,Liparis dennyi,marbled snailfish,73,Misc. fish shallow
22205,Liparis gibbus,variegated snailfish,73,Misc. fish shallow
22206,Crystallichthys cyclospilus,blotched snailfish,73,Misc. fish shallow
22209,Liparis callyodon,spotted snailfish,73,Misc. fish shallow
22210,Liparis ochotensis,Okhotsk snailfish,73,Misc. fish shallow
22214,Elassodiscus sp.,,73,Misc. fish shallow
22215,Elassodiscus caudatus,humpback snailfish,73,Misc. fish shallow
22216,Elassodiscus tremebundus,blacklip snailfish,73,Misc. fish shallow
22217,Allocareproctus jordani,cherry snailfish,73,Misc. fish shallow
22218,Allocareproctus tanix,peach snailfish,73,Misc. fish shallow
22219,Careproctus sp.,,73,Misc. fish shallow
22220,Careproctus melanurus,blacktail snailfish,73,Misc. fish shallow
22223,Careproctus simus,proboscis snailfish,73,Misc. fish shallow
22224,Careproctus ectenes,shovelhead snailfish,73,Misc. fish shallow
22225,Careproctus canus,gray snailfish,73,Misc. fish shallow
22226,Careproctus phasma,monster snailfish,73,Misc. fish shallow
22228,Careproctus cypselurus,blackfin snailfish,73,Misc. fish shallow
22229,Careproctus furcellus,emarginate snailfish,73,Misc. fish shallow
22231,Paraliparis ulochir,broadfin snailfish,73,Misc. fish shallow
22232,Careproctus scottae,peachskin snailfish,73,Misc. fish shallow
22233,Careproctus gilberti,smalldisk snailfish,73,Misc. fish shallow
22234,Careproctus sp. cf. gilberti (Orr),dominator snailfish,73,Misc. fish shallow
22235,Careproctus colletti,Alaska snailfish,73,Misc. fish shallow
22236,Careproctus rastrinus,salmon snailfish,73,Misc. fish shallow
22239,Careproctus zachirus,paintbrush snailfish,73,Misc. fish shallow
22240,Careproctus candidus,bigeye snailfish,73,Misc. fish shallow
22241,Paraliparis dactylosus,red snailfish,73,Misc. fish shallow
22244,Paraliparis cephalus,swellhead snailfish,73,Misc. fish shallow
22245,Careproctus lycopersicus,tomato snailfish,73,Misc. fish shallow
22246,Careproctus comus,comic snailfish,73,Misc. fish shallow
22250,Paraliparis sp.,,73,Misc. fish shallow
22253,Lipariscus nanus,pygmy snailfish,73,Misc. fish shallow
22255,Nectoliparis pelagicus,tadpole snailfish,73,Misc. fish shallow
22256,Careproctus staufferi,wry snailfish,73,Misc. fish shallow
22263,Prognatholiparis ptychomandibularis,wrinkle-jaw snailfish,73,Misc. fish shallow
22270,Allocareproctus sp.,,73,Misc. fish shallow
22271,Acantholiparis opercularis,spiny snailfish,73,Misc. fish shallow
22272,Allocareproctus kallaion,combed snailfish,73,Misc. fish shallow
22273,Allocareproctus ungak,whiskered snailfish,73,Misc. fish shallow
22274,Allocareproctus unangas,goldeneye snailfish,73,Misc. fish shallow
22275,Careproctus faunus,mischievous snailfish,73,Misc. fish shallow
22285,Paraliparis albeolus,white snailfish,73,Misc. fish shallow
22300,Melamphaidae,bigscale unid.,59,Misc. fish deep
22310,Poromitra curilensis (=crassiceps),crested bigscale,59,Misc. fish deep
22311,Poromitra cristiceps,,59,Misc. fish deep
22320,Melamphaes lugubris,highsnout bigscale,59,Misc. fish deep
22400,Melanostomiinae,scaleless dragonfish unid.,59,Misc. fish deep
22410,Tactostoma macropus,longfin dragonfish,59,Misc. fish deep
22500,Merluccius productus,Pacific hake,0,Gen fish
22600,Myctophidae,lanternfish unid.,79,Myctophidae
22601,Stenobrachius sp.,,79,Myctophidae
22602,Stenobrachius leucopsarus,northern lampfish,79,Myctophidae
22603,Stenobrachius nannochir,garnet lampfish,79,Myctophidae
22609,Diaphus sp.,,79,Myctophidae
22610,Diaphus theta,California headlightfish,79,Myctophidae
22620,Lampanyctus sp.,,79,Myctophidae
22623,Nannobrachium ritteri,broadfin lanternfish,79,Myctophidae
22624,Nannobrachium regale,pinpoint lampfish,79,Myctophidae
22625,Lampanyctus jordani,brokenline lampfish,79,Myctophidae
22626,Nannobrachium sp.,,79,Myctophidae
22640,Hygophum reinhardtii,slender lanternfish,79,Myctophidae
22648,Protomyctophum sp.,,79,Myctophidae
22649,Protomyctophum thompsoni,northern flashlightfish,79,Myctophidae
22650,Tarletonbeania sp.,,79,Myctophidae
22651,Tarletonbeania crenularis,blue lanternfish,79,Myctophidae
22656,Symbolophorus californiensis,California lanternfish,79,Myctophidae
22701,Nemichthyidae,snipe eel unid.,59,Misc. fish deep
22704,Avocettina infans,blackline snipe eel,59,Misc. fish deep
22900,Oneirodidae,dreamer unid.,59,Misc. fish deep
22912,Oneirodes sp.,,59,Misc. fish deep
22913,Oneirodes acanthias,spiny dreamer,59,Misc. fish deep
22914,Oneirodes bulbosus,hairy-lure dreamer,59,Misc. fish deep
22951,Paralepididae,barracudina unid.,59,Misc. fish deep
22952,Magnisudis atlantica,duckbill barracudina,59,Misc. fish deep
23000,Osmeridae,smelt unid.,0,Gen fish
23010,Thaleichthys pacificus,eulachon,82,Eulachon
23041,Mallotus villosus,capelin,80,Capelin
23220,Oncorhynchus tshawytscha,chinook salmon,76,Salmon returning
23235,Oncorhynchus keta,chum salmon,76,Salmon returning
23562,Cololabis saira,Pacific saury,84,Oth. pelagic smelt
23603,Benthalbella dentata,northern pearleye,59,Misc. fish deep
23621,Scopelosaurus sp.,,59,Misc. fish deep
23622,Scopelosaurus adleri,Adler waryfish,59,Misc. fish deep
23657,Alepisaurus ferox,longnose lancetfish,59,Misc. fish deep
23710,Sagamichthys abei,shining tubeshoulder,59,Misc. fish deep
23791,Cryptacanthodes aleutensis,dwarf wrymouth,73,Misc. fish shallow
23792,Cryptacanthodes giganteus,giant wrymouth,73,Misc. fish shallow
23800,Stichaeidae,prickleback unid.,83,Oth. managed forage
23805,Lumpenus maculatus,daubed shanny,83,Oth. managed forage
23807,Lumpenus fabricii,slender eelblenny,83,Oth. managed forage
23808,Lumpenus sagitta,snake prickleback,83,Oth. managed forage
23836,Lumpenella longirostris,longsnout prickleback,83,Oth. managed forage
23840,Chirolophis sp.,,83,Oth. managed forage
23841,Chirolophis decoratus,decorated warbonnet,83,Oth. managed forage
23850,Poroclinus rothrocki,whitebarred prickleback,83,Oth. managed forage
23851,Chirolophis nugator,mosshead warbonnet,83,Oth. managed forage
23861,Bryozoichthys lysimus,nutcracker prickleback,83,Oth. managed forage
23862,Bryozoichthys marjorius,pearly prickleback,83,Oth. managed forage
23863,Bryozoichthys sp.,,83,Oth. managed forage
23958,Opisthoproctidae,spookfish unid.,59,Misc. fish deep
24001,Zaprora silenus,prowfish,73,Misc. fish shallow
24100,Zoarcidae,eelpout unid.,57,Eelpouts
24110,Bothrocara brunneum,twoline eelpout,57,Eelpouts
24111,Bothrocara pusillum,Alaska eelpout,57,Eelpouts
24130,Lycenchelys crotalinus,snakehead eelpout,57,Eelpouts
24150,Lycenchelys sp.,,57,Eelpouts
24152,Lycenchelys camchatica,Kamchatka eelpout,57,Eelpouts
24160,Lycodapus fierasfer,blackmouth eelpout,57,Eelpouts
24180,Lycodes sp.,,57,Eelpouts
24183,Lycodes akuugun,bicolor eelpout,57,Eelpouts
24185,Lycodes palearis,wattled eelpout,57,Eelpouts
24187,Lycodes concolor,ebony eelpout,57,Eelpouts
24191,Lycodes brevipes,shortfin eelpout,57,Eelpouts
24192,Gymnelus viridis,fish doctor,57,Eelpouts
24193,Gymnelus sp.,,57,Eelpouts
24195,Lycodes beringi,Bering eelpout,57,Eelpouts
24220,Bothrocara sp.,,57,Eelpouts
24230,Lycodapus sp.,,57,Eelpouts
24232,Lycodapus parviceps,smallhead eelpout,57,Eelpouts
24394,Puzanovia rubra,coral eelpout,57,Eelpouts
24395,Nalbantichthys elongatus,thinskin eelpout,57,Eelpouts
30010,Sebastolobus sp.,thornyhead unid.,67,Other Sebastes
30020,Sebastolobus alascanus,shortspine thornyhead,66,Shortspine Thorns
30025,Sebastolobus macrochir,broadfin thornyhead,67,Other Sebastes
30035,Adelosebastes latens,Aleutian scorpionfish,67,Other Sebastes
30040,Sebastes sp.,rockfish unid.,67,Other Sebastes
30050,(blank),rougheye and blackspotted rockfish unid.,65,Rougheye Rock
30051,Sebastes aleutianus,rougheye rockfish,65,Rougheye Rock
30052,Sebastes melanostictus,blackspotted rockfish,65,Rougheye Rock
30060,Sebastes alutus,Pacific ocean perch,60,POP
30100,Sebastes brevispinis,silvergray rockfish,67,Other Sebastes
30150,(blank),dusky and dark rockfishes unid.,63,Dusky Rock
30151,Sebastes ciliatus,dark rockfish,63,Dusky Rock
30152,Sebastes variabilis,dusky rockfish,63,Dusky Rock
30240,Sebastes flavidus,yellowtail rockfish,67,Other Sebastes
30330,Sebastes melanops,black rockfish,67,Other Sebastes
30360,Sebastes mystinus,blue rockfish,67,Other Sebastes
30420,Sebastes polyspinis,northern rockfish,62,Northern Rock
30430,Sebastes proriger,redstripe rockfish,67,Other Sebastes
30470,Sebastes ruberrimus,yelloweye rockfish,67,Other Sebastes
30475,Sebastes babcocki,redbanded rockfish,67,Other Sebastes
30535,Sebastes variegatus,harlequin rockfish,67,Other Sebastes
30560,Sebastes zacentrus,sharpchin rockfish,61,Sharpchin Rock
30576,Sebastes borealis,shortraker rockfish,64,Shortraker Rock
40001,Cnidaria,coelenterate unid.,0,Gen Cnidarian
40008,Campanulariidae,campanulariid hydroid,99,Hydroids
40009,Plumulariidae,plumulariid hydroids,99,Hydroids
40010,Hydrozoa,,0,Gen. Hydrozoa
40011,Hydroidolina,hydroid unid.,0,Gen. Hydrozoa
40012,Bonneviella sp. A (Clark 2006),champagne flute hydroid,99,Hydroids
40013,Bonneviella sp.,,99,Hydroids
40028,Aglaophenia sp.,,99,Hydroids
40034,Abietinaria sp.,,99,Hydroids
40035,Abietinaria greenei,bushy white hydroid,99,Hydroids
40036,Abietinaria sp. A (Clark 2006),white tangled hydroid,99,Hydroids
40049,Sertulariidae,Sertulariid hydroid,99,Hydroids
40500,Scyphozoa,jellyfish unid.,106,Scyphozoid Jellies
40501,Chrysaora sp.,chrysaora jellyfish,106,Scyphozoid Jellies
40502,Periphylla sp.,,106,Scyphozoid Jellies
40503,Periphylla periphylla,helmet jelly,106,Scyphozoid Jellies
40504,Chrysaora melanaster,,106,Scyphozoid Jellies
40505,Phacellophora camtschatica,egg yolk jelly,106,Scyphozoid Jellies
40506,Aequorea sp.,,106,Scyphozoid Jellies
40509,Phacellophora sp.,,106,Scyphozoid Jellies
40510,Atolla sp.,,106,Scyphozoid Jellies
40511,Aurelia sp.,,106,Scyphozoid Jellies
40512,Aurelia labiata,,106,Scyphozoid Jellies
40513,Aurelia aurita,,106,Scyphozoid Jellies
40515,Chrysaora fuscescens,sea nettle,106,Scyphozoid Jellies
40560,Cyanea sp.,,106,Scyphozoid Jellies
40561,Cyanea capillata,lion's mane,106,Scyphozoid Jellies
41000,Anthozoa,,0,UNID
41099,Octocorallia,,0,Gen. Anthozoa
41100,Alcyonacea,soft coral unid.,98,Corals
41102,Alcyonium sp.,,98,Corals
41104,Alcyonium sp. A (Clark 2006),pink orange mushroom coral,98,Corals
41105,Alcyonium sp. B (Clark 2006),,98,Corals
41201,Gersemia sp.,sea raspberry,98,Corals
41300,Anthomastus sp.,,98,Corals
41331,Anthomastus sp. A,red anthomastus,98,Corals
41332,Anthomastus sp. B,gray Anthomastus,98,Corals
41500,Gorgonacea,gorgonian coral unid.,98,Corals
41520,Primnoa sp.,,98,Corals
41521,Primnoa pacifica,,98,Corals
41522,Primnoa willeyi,red tree coral,98,Corals
41523,Primnoa resedaeformis,,98,Corals
41525,Antipatharia,black coral,98,Corals
41530,Chrysopathes speciosa,,98,Corals
41550,Parantipathes sp.,,98,Corals
41570,Swiftia sp.,,98,Corals
41571,Swiftia pacifica,,98,Corals
41573,Calcigorgia beringi,Bering red sea fan,98,Corals
41580,Paragorgia sp.,,98,Corals
41582,Paragorgia arborea,Kamchatka coral,98,Corals
41583,Paragorgia pacifica,,98,Corals
41584,Plexauridae,plexaurid corals,98,Corals
41585,Euplexaura sp.,,98,Corals
41586,Euplexaura marki,,98,Corals
41590,Alaskagorgia sp.,,98,Corals
41591,Alaskagorgia aleutiana,,98,Corals
41595,Cryogorgia koolsae,,98,Corals
41600,Callogorgia sp.,,98,Corals
41605,Parastenella sp. A (Clark 2006),sugar coral,98,Corals
41700,Calcigorgia sp.,,98,Corals
41701,Calcigorgia spiculifera,,98,Corals
41750,Clavularia sp.,,98,Corals
41751,Clavularia sp. cf. evagorgiacrustans (Bayer et al.),,98,Corals
41752,Clavularia incrustans,encrusting coral,98,Corals
42000,Pennatulacea,sea pen or sea whip unid.,101,Sea Pens
42001,Virgularia sp.,smoothstem seawhip,101,Sea Pens
42003,Virgulariidae,sea whip unid.,101,Sea Pens
42004,Stylatula sp.,slender seawhips,101,Sea Pens
42007,Protoptilum sp.,,101,Sea Pens
42008,Halipteris sp.,,101,Sea Pens
42009,Halipteris sp. A (Stone 2015),maroon sea whip,101,Sea Pens
42012,Halipteris willemoesi,,101,Sea Pens
42013,Halipteris californica,,101,Sea Pens
42015,Umbellula sp.,,101,Sea Pens
42016,Ptilosarcus sp.,,101,Sea Pens
42017,Ptilosarcus gurneyi,orange sea pen,101,Sea Pens
42021,Anthoptilum murrayi,Murray sea pen,101,Sea Pens
43000,Actiniaria,sea anemone unid.,97,Anemones
43001,Actinauge verrilli,reticulate anemone,97,Anemones
43002,Actinostola faeculenta,rough purple sea anemone,97,Anemones
43003,Actinoscyphia sp.,,97,Anemones
43006,(blank),purple striated sea anemone,97,Anemones
43007,(blank),red striated sea anemone,97,Anemones
43010,Metridium sp.,,97,Anemones
43020,Metridium senile,clonal plumose anemone,97,Anemones
43021,Metridium farcimen,gigantic anemone,97,Anemones
43029,Stomphia didemon,cowardly anemone,97,Anemones
43030,Stomphia sp.,,97,Anemones
43032,Stomphia coccinea,swimming anemone,97,Anemones
43040,Urticina sp.,,97,Anemones
43042,Urticina crassicornis,mottled anemone,97,Anemones
43043,Urticina lofotensis,spotted red anemone,97,Anemones
43045,Zoanthidae sp. A,hot dog zoanthid,98,Corals
43050,Oceanactis diomedeae,grape anemone,97,Anemones
43051,Oceanactis sp.,,97,Anemones
43080,Actiniidae,actinid sea anemones unid.,97,Anemones
43082,Cribrinopsis fernaldi,chevron-tentacled anemone,97,Anemones
43090,Liponema brevicorne,tentacle-shedding anemone,97,Anemones
43100,Actinostolidae,,97,Anemones
43110,Actinostola sp.,,97,Anemones
43111,Actinostola sp. A (Clark 2006),,97,Anemones
43112,Actinostola sp. B (Clark 2006),,97,Anemones
43113,Actinostola groenlandica,,97,Anemones
43121,(blank),tumbling anemone,97,Anemones
43200,Hormathiidae,,97,Anemones
43225,Zoanthus sp.,,98,Corals
44000,Scleractinia,stony coral unid.,98,Corals
44004,Caryophylliidae,cup corals,98,Corals
44010,Javania borealis,Aleutian trumpet coral,98,Corals
44011,Javania cailleti,slender trumpet coral,98,Corals
44012,Javania sp.,,98,Corals
44019,Crispatotrochus foxi,cup coral,98,Corals
44020,Caryophyllia sp.,,98,Corals
44021,Caryophyllia sp. A,,98,Corals
44022,Caryophyllia arnoldi,brown cup coral,98,Corals
44023,Caryophyllia alaskensis,Alaska cup coral,98,Corals
44028,Stylasteridae,stylasterid corals,98,Corals
44029,Stylasterina,hydrocoral unid.,98,Corals
44030,Stylaster sp.,,98,Corals
44031,Stylaster verrilli,,98,Corals
44032,Stylaster brochi,,98,Corals
44033,Stylaster cancellatus,,98,Corals
44034,Stylaster elassotomus,,98,Corals
44035,Stylaster polyorchis,,98,Corals
44036,Crypthelia trophostega,,98,Corals
44037,Stylaster campylecus,,98,Corals
44038,Crypthelia sp.,,98,Corals
44039,Stylaster moseleyana,,98,Corals
44040,Cyclohelia lamellata,,98,Corals
44041,Cyclohelia sp.,,98,Corals
44042,Errinopora undulata,undulate-fan hydrocoral,98,Corals
44045,Stylaster alaskanus,,98,Corals
44046,Stylaster stejnegeri,,98,Corals
44048,Stylaster repandus,undulate hydrocoral,98,Corals
44049,Stylaster parageus,,98,Corals
44051,Stylaster trachystomus,,98,Corals
44060,Distichopora sp.,,98,Corals
44061,Distichopora borealis,,98,Corals
44071,Thouarella sp. 1 (Bayer et al.),,98,Corals
44072,Thouarella sp. 2 (Bayer et al.),,98,Corals
44075,Plumarella superba,bushy coral,98,Corals
44077,Errinopora sp. B (Clark 2006),pale-edged hydrocoral,98,Corals
44079,Errinopora pourtalesi,,98,Corals
44080,Errinopora zarhyncha,,98,Corals
44081,Errinopora sp.,,98,Corals
44082,Errinopora nanneca,,98,Corals
44083,Plumarella sp.,,98,Corals
44085,Isidella sp.,articulated bamboo coral,98,Corals
44086,Plumarella sp. 1 (Bayer),feathery Plumarella,98,Corals
44087,Thouarella sp.,,98,Corals
44088,Keratoisis sp.,nodal bamboo coral unid.,98,Corals
44089,Fanellia sp.,,98,Corals
44090,Fanellia compressa,,98,Corals
44091,Fanellia fraseri,,98,Corals
44092,Muriceides nigra,,98,Corals
44093,Muriceides sp.,,98,Corals
44094,Amphilaphis sp.,,98,Corals
44095,Plumarella sp. A,pale Plumarella,98,Corals
44096,Plumarella sp. B,pinnate Plumarella,98,Corals
44097,Plumarella nuttingi,loose-branched Plumarella,98,Corals
44098,Arthrogorgia sp.,,98,Corals
44099,Arthrogorgia utinomi,,98,Corals
44101,Plumarella aleutiana,Aleutian Plumarella,98,Corals
44102,Plumarella echinata,,98,Corals
44103,Plumarella hapala,,98,Corals
44104,Plumarella sp. D,spiny Plumarella,98,Corals
44105,Anthothela grandiflora,,98,Corals
44106,Thouarella cristata,bottlebrush coral,98,Corals
44107,Primnoa wingi,,98,Corals
44111,Plumarella robusta,,98,Corals
44114,Arthrogorgia otsukai,,98,Corals
44115,Arthrogorgia kinoshitai,,98,Corals
44120,Errinopora fisheri,,98,Corals
44121,Errinopora dichotoma,,98,Corals
44122,Stylaster crassiseptum,,98,Corals
45000,Ctenophora,comb jelly unid.,112,Gelatinous filter feeders
45005,Beroe sp.,,112,Gelatinous filter feeders
50000,Polychaeta,polychaete worm unid.,104,Polychaetes
50001,Annelida,worm unid.,0,worm unid.
50005,Eunice valens,iridescent tubeworm,104,Polychaetes
50010,(blank),tube worm unid.,104,Polychaetes
50013,Chaetopterus sp.,parchment tubeworms,104,Polychaetes
50160,Aphroditidae,sea mouse unid.,104,Polychaetes
50161,Aphrodita sp.,,104,Polychaetes
50192,Aphrodita negligens,,104,Polychaetes
50205,Euphrosine multibranchiata,porcupine worm,104,Polychaetes
50215,Nothria conchylega,gravel tube worm,104,Polychaetes
50301,Arctonoe vittata,red-banded commensal scale worm,104,Polychaetes
54000,Nereididae,,104,Polychaetes
54010,Nereis sp.,,104,Polychaetes
54030,Cheilonereis cyclurus,red and white banded sea nymph,104,Polychaetes
56300,Polynoidae,scale worm unid.,104,Polychaetes
56310,Eunoe sp.,,104,Polychaetes
56311,Eunoe nodosa,giant scale worm,104,Polychaetes
56312,Eunoe depressa,depressed scale worm,104,Polychaetes
56313,Eunoe senta,thorny scaleworm,104,Polychaetes
56321,Gattyana ciliata,ciliated scale worm,104,Polychaetes
57000,Sabellidae,sabellid unid.,104,Polychaetes
57409,Serpulidae,serpulid worm,104,Polychaetes
57411,Serpula columbiana,red trumpet calcareous tubeworm,104,Polychaetes
57412,Serpula sp.,,104,Polychaetes
58001,Cistenides granulata,tusk coneworm,104,Polychaetes
59000,(blank),bristle worm unid.,104,Polychaetes
59100,Hirudinea,leech unid.,105,Misc. worms 
59110,Notostomum sp.,,105,Misc. worms 
59111,Notostomum cyclostomum,striped sea leech,105,Misc. worms 
59120,Notostomobdella sp.,,105,Misc. worms 
60100,Amphipoda,amphipod unid.,96,Benthic Amphipods
60110,Gammaridae,gammarid amphipod unid.,96,Benthic Amphipods
60145,Caprella sp.,skeleton shrimps,96,Benthic Amphipods
62000,Isopoda,isopod unid.,95,Misc. Crustacean
62001,Arcturidae,,95,Misc. Crustacean
62004,Arcturus sp. 1 (Clark 2006),spiky arcturid,95,Misc. Crustacean
62005,Arcturus sp.,,95,Misc. Crustacean
62010,Livoneca sp.,,95,Misc. Crustacean
62012,Idoteidae,,95,Misc. Crustacean
62025,Rocinela angustata,sea cockroach,95,Misc. Crustacean
63500,Euphausiacea,euphausiid unid.,109,Euphausiids
64000,Mysida,opossum shrimps,110,Mysids
64010,Neognathophausia sp.,,110,Mysids
64011,Neognathophausia gigas,giant red mysid,110,Mysids
64012,Neognathophausia ingens,red mysid,110,Mysids
65000,Cirripedia,,95,Misc. Crustacean
65100,Thoracica,barnacle unid.,95,Misc. Crustacean
65201,Balanus sp.,,95,Misc. Crustacean
65203,Chirona evermanni,giant barnacle,95,Misc. Crustacean
65204,Balanus hesperius,crab barnacle,95,Misc. Crustacean
65205,Balanus rostratus,beaked barnacle,95,Misc. Crustacean
65206,Balanus nubilus,,95,Misc. Crustacean
65209,Scalpellum sp.,,95,Misc. Crustacean
65210,Scalpellum cornutum,eared barnacle,95,Misc. Crustacean
66000,(blank),shrimp unid.,0,Gen Shrimp
66003,Sergestidae,sergestid shrimp unid.,89,NP shrimp
66005,Eusergestes similis,Pacific sergestid,89,NP shrimp
66019,Pandalidae,pandalid shrimp unid.,88,Pandalidae
66020,Pandalus sp.,,88,Pandalidae
66030,Pandalus jordani,ocean shrimp,88,Pandalidae
66031,Pandalus eous,Alaskan pink shrimp,88,Pandalidae
66032,Heptacarpus maxillipes,Aleutian coastal shrimp,89,NP shrimp
66033,Pandalus tridens,yellowleg pandalid,88,Pandalidae
66034,Pandalus sp. cf. tridens (CAS),,88,Pandalidae
66040,Pandalus platyceros,spot shrimp,88,Pandalidae
66045,Pandalus goniurus,humpy shrimp,88,Pandalidae
66050,Pandalus hypsinotus,coonstripe shrimp,88,Pandalidae
66055,Pandalus stenolepis,roughpatch shrimp,88,Pandalidae
66059,Pandalopsis sp.,,88,Pandalidae
66060,Pandalopsis aleutica,Aleutian bigeye,88,Pandalidae
66061,Pandalopsis longirostris,northern longbeak,88,Pandalidae
66062,Pandalopsis sp. cf. lamelligera,,88,Pandalidae
66120,Pandalopsis dispar,sidestripe shrimp,88,Pandalidae
66130,Pandalopsis ampla,stripeleg pandalid,88,Pandalidae
66140,Penaeidae,penaeid shrimp unid.,89,NP shrimp
66150,Hippolytidae,hippolytid shrimp unid.,89,NP shrimp
66160,Spirontocaris sp.,,89,NP shrimp
66161,Spirontocaris arcuata,Rathbun blade shrimp,89,NP shrimp
66163,Spirontocaris lamellicornis,Dana blade shrimp,89,NP shrimp
66170,Eualus sp.,,89,NP shrimp
66171,Eualus barbatus,barbed eualid,89,NP shrimp
66180,Eualus macrophthalmus,bigeye eualid,89,NP shrimp
66190,Eualus biunguis,deepsea eualid,89,NP shrimp
66193,Eualus suckleyi,shortscale eualid,89,NP shrimp
66200,Lebbeus sp.,,89,NP shrimp
66201,Lebbeus grandimana,candy stripe shrimp,89,NP shrimp
66203,Lebbeus groenlandicus,spiny lebbeid,89,NP shrimp
66204,Lebbeus polaris,,89,NP shrimp
66206,Lebbeus washingtonianus,slope lebbeid,89,NP shrimp
66302,Heptacarpus flexus,slenderbeak coastal shrimp,89,NP shrimp
66500,Crangonidae,crangonid shrimp unid.,89,NP shrimp
66502,Crangon sp.,,89,NP shrimp
66512,Crangon alaskensis,shell shrimp,89,NP shrimp
66515,Crangon communis,twospine Crangon,89,NP shrimp
66530,Crangon dalli,ridged Crangon,89,NP shrimp
66535,Metacrangon variabilis,deepsea spinyhead,89,NP shrimp
66570,Argis sp.,,89,NP shrimp
66575,Argis alaskensis,common argid,89,NP shrimp
66580,Argis dentata,Arctic argid,89,NP shrimp
66600,Sclerocrangon sp.,,89,NP shrimp
66601,Sclerocrangon boreas,sculptured shrimp,89,NP shrimp
66602,Rhynocrangon alata,saddleback shrimp,89,NP shrimp
66604,Rhynocrangon sharpi,spiked shrimp,89,NP shrimp
66611,Argis lar,kuro argid,89,NP shrimp
66612,Argis crassa,rough argid,89,NP shrimp
66613,Argis levior,Nelson argid,89,NP shrimp
66614,Argis ovifer,split-eye argid,89,NP shrimp
66770,Pasiphaea pacifica,Pacific glass shrimp,89,NP shrimp
66772,Pasiphaea tarda,crimson pasiphaeid,89,NP shrimp
66814,Notostomus sp.,,89,NP shrimp
66815,Notostomus japonicus,spinyridge shrimp,89,NP shrimp
66841,Bentheogennema borealis,,89,NP shrimp
68000,(blank),crab unid.,0,Gen crab
68010,Cancer sp.,cancer crab unid.,87,Misc. crabs
68011,Cancer branneri,furrowed rock crab,87,Misc. crabs
68020,Cancer magister,Dungeness crab,87,Misc. crabs
68040,Cancer oregonensis,Oregon rock crab,87,Misc. crabs
68500,Majidae,spider crabs unid.,87,Misc. crabs
68501,Oregonia sp.,,87,Misc. crabs
68502,Oregonia bifurca,split-nose decorator crab,87,Misc. crabs
68510,Oregonia gracilis,graceful decorator crab,87,Misc. crabs
68520,Chorilia longipes,longhorned decorator crab,87,Misc. crabs
68521,Chorilia sp.,,87,Misc. crabs
68541,Chionoecetes sp.,Tanner crab unid.,0,Gen crab
68550,Chionoecetes tanneri,grooved Tanner crab,87,Misc. crabs
68560,Chionoecetes bairdi,Tanner crab,85,Bairdi
68570,Chionoecetes angulatus,triangle Tanner crab,87,Misc. crabs
68577,Hyas coarctatus,circumboreal toad crab,87,Misc. crabs
68578,Hyas lyratus,Pacific lyre crab,87,Misc. crabs
68580,Chionoecetes opilio,snow crab,87,Misc. crabs
68590,Chionoecetes hybrid,hybrid Tanner crab,0,Unid Chion
68781,Telmessus cheiragonus,helmet crab,87,Misc. crabs
69010,Paguridae,hermit crab unid.,94,Hermit crabs
69035,Pagurus sp.,,94,Hermit crabs
69042,Pagurus brandti,sponge hermit,94,Hermit crabs
69050,Pagurus townsendi,Townsend hermit crab,94,Hermit crabs
69060,Pagurus aleuticus,Aleutian hermit,94,Hermit crabs
69061,Labidochirus splendescens,splendid hermit,94,Hermit crabs
69070,Pagurus confragosus,knobbyhand hermit,94,Hermit crabs
69074,Pagurus hirsutiusculus,true hairy hermit,87,Misc. crabs
69080,Pagurus cornutus,hornyhand hermit,94,Hermit crabs
69082,Pagurus dalli,whiteknee hermit,94,Hermit crabs
69085,Pagurus kennerlyi,bluespine hermit,94,Hermit crabs
69086,Pagurus trigonocheirus,fuzzy hermit crab,94,Hermit crabs
69090,Pagurus ochotensis,Alaskan hermit,94,Hermit crabs
69095,Pagurus rathbuni,longfinger hermit,94,Hermit crabs
69097,Pagurus setosus,setose hermit,94,Hermit crabs
69100,Pagurus tanneri,longhand hermit,94,Hermit crabs
69110,Elassochirus tenuimanus,widehand hermit crab,94,Hermit crabs
69120,Pagurus capillatus,hairy hermit crab,94,Hermit crabs
69121,Elassochirus cavimanus,purple hermit,94,Hermit crabs
69122,Elassochirus gilli,Pacific red hermit,94,Hermit crabs
69123,Elassochirus sp.,,94,Hermit crabs
69250,Lithodidae,stone crab unid.,87,Misc. crabs
69270,Lopholithodes foraminatus,brown box crab,87,Misc. crabs
69280,Lopholithodes mandtii,red box crab,87,Misc. crabs
69285,Acantholithodes hispidus,fuzzy crab,87,Misc. crabs
69290,Lithodes sp.,,86,King Crab
69300,Lithodes couesi,scarlet king crab,86,King Crab
69310,Lithodes aequispinus,golden king crab,86,King Crab
69312,Dermaturus mandtii,wrinkled crab,87,Misc. crabs
69315,Hapalogaster sp.,,87,Misc. crabs
69316,Hapalogaster grebnitzkii,soft crab,87,Misc. crabs
69317,Rhinolithodes wosnessenskii,rhinoceros crab,87,Misc. crabs
69318,Phyllolithodes papillosus,flatspine triangle crab,87,Misc. crabs
69322,Paralithodes camtschaticus,red king crab,86,King Crab
69330,Paralomis sp.,,86,King Crab
69335,Paralomis multispina,many spine spider crab,86,King Crab
69336,Placetron wosnessenskii,scaled crab,87,Misc. crabs
69400,Erimacrus isenbeckii,horsehair crab,87,Misc. crabs
69520,Hyas sp.,,87,Misc. crabs
69530,Pugettia sp.,kelp crab,87,Misc. crabs
69554,Chirostylus sp.,,87,Misc. crabs
69556,Munida quadrispina,pinchbug,87,Misc. crabs
69900,Pycnogonida,sea spider unid.,95,Misc. Crustacean
69910,Colossendeis sp.,,95,Misc. Crustacean
69911,Colossendeis dofleini,,95,Misc. Crustacean
69912,Colossendeis microsetosa,,95,Misc. Crustacean
70000,Mollusca,mollusk unid.,0,Gen Mollusc
70060,Neomenia sp.,,0,Gen Mollusc
70100,Polyplacophora,chiton unid.,93,Snails
70108,Cryptochiton stelleri,giant Pacific chiton,93,Snails
70110,Lepidozona trifida,,93,Snails
70111,Lepidozona beringiana,,93,Snails
70113,Lepidozona sp.,,93,Snails
70115,Amicula vestita,,93,Snails
70119,Placiphorella sp.,,93,Snails
70122,Placiphorella pacifica,,93,Snails
70123,Placiphorella rufa,,93,Snails
70124,Leptochiton sp.,,93,Snails
70125,Leptochiton alveolus,,93,Snails
70127,Leptochiton belknapi,,93,Snails
71001,gastropod egg,snail  egg,93,Snails
71002,Buccinum sp. egg,,93,Snails
71003,Fusitriton oregonensis egg,,93,Snails
71004,Neptunea sp. egg,,93,Snails
71010,Nudibranchia,nudibranch unid.,93,Snails
71012,Tochuina gigantea,giant orange tochui,93,Snails
71015,Cadlina luteomarginata,yellow-edged Cadlina,93,Snails
71018,Dendronotus sp.,,93,Snails
71020,Dendronotus dalli,Dall dendronotid,93,Snails
71025,Tritonia sp.,,93,Snails
71026,Tritonia festiva,festive Tritonia,93,Snails
71030,Tritonia diomedea,rosy Tritonia,93,Snails
71052,Archidorididae,archidorid nudibranchs,93,Snails
71055,Archidoris montereyensis,Monterey dorid,93,Snails
71080,Armina californica,California Armina,93,Snails
71090,Colga pacifica,Pacific Colga,93,Snails
71105,Cadlina modesta,,93,Snails
71202,Chlamylla sp.,,93,Snails
71212,Dirona aurantia,,93,Snails
71235,Anisodoris lentiginosa,mottled pale sea-lemon,93,Snails
71250,Dorididae,dorid nudibranch unid.,93,Snails
71259,Archidoris sp.,Archidoris nudibranch,93,Snails
71260,Doris odhneri,white night doris,93,Snails
71269,Diaulula sp. A (Clark 2006),,93,Snails
71350,Cranopsis major,great puncturella,93,Snails
71351,Puncturella rothi,,93,Snails
71357,Diodora aspera,,93,Snails
71405,(blank),limpet unid.,93,Snails
71500,Gastropoda,snail unid.,93,Snails
71510,Naticidae,moonsnail,93,Snails
71511,Naticidae egg,moonsnail egg unid.,93,Snails
71515,Bulbus fragilis,fragile moonsnail,93,Snails
71524,Cryptonatica sp.,,93,Snails
71525,Natica sp.,,93,Snails
71526,Cryptonatica affinis,Arctic moonsnail,93,Snails
71530,Natica clausa,,93,Snails
71535,Cryptonatica aleutica,Aleutian moonsnail,93,Snails
71537,Cryptonatica russa,rusty moonsnail,93,Snails
71540,Muricidae,,93,Snails
71584,Lamellaria sp.,,93,Snails
71585,Onchidiopsis glacialis,icy lamellaria,93,Snails
71587,Onchidiopsis sp. A (Clark and McLean),,93,Snails
71588,Onchidiopsis brevipes,,93,Snails
71590,Onchidiopsis sp.,,93,Snails
71593,Lamellaria sp. C (Clark and McLean),,93,Snails
71594,Lamellaria sp. D (Clark and McLean),,93,Snails
71596,Lamellaria sp. F (McLean and Clark),white lamellarid,93,Snails
71640,Crepidula sp.,slipper shell,93,Snails
71681,Crepidula grandis,great slippersnail,93,Snails
71710,Colus sp.,,93,Snails
71718,Colus periscelidus,garter whelk,93,Snails
71719,Colus jordani,,93,Snails
71721,Colus herendeenii,thin-ribbed whelk,93,Snails
71722,Colus hypolispus,,93,Snails
71726,Colus spitzbergensis,thick-ribbed whelk,93,Snails
71731,Colus halli,shrew whelk,93,Snails
71740,Japelion aleutica,,93,Snails
71741,Japelion sp.,,93,Snails
71742,Japelion sp. A,,93,Snails
71745,Volutopsius sp. D (Clark and McLean),,93,Snails
71746,Volutopsius sp. C (Clark and McLean),,93,Snails
71747,Pyrulofusus sp.,,93,Snails
71748,Habevolutopsius hirasei,,93,Snails
71749,Pyrulofusus dexius,,93,Snails
71750,Volutopsius sp.,,93,Snails
71751,Volutopsius sp. eggs,,93,Snails
71752,Pyrulofusus sp. eggs,,93,Snails
71753,Pyrulofusus deformis,warped whelk,93,Snails
71755,Pyrulofusus harpa,left-hand whelk,93,Snails
71757,Volutopsius regularis,regular whelk,93,Snails
71759,Volutopsius filosus,threaded whelk,93,Snails
71760,Volutopsius castaneus,volute whelk,93,Snails
71761,Pyrulofusus melonis,,93,Snails
71762,Volutopsius simplex,simple whelk,93,Snails
71764,Volutopsius middendorffii,tulip whelk,93,Snails
71766,Volutopsius pallidus,,93,Snails
71767,Volutopsius sp. A (McLean and Clark),,93,Snails
71769,Beringius sp.,,93,Snails
71770,Beringius kennicottii,,93,Snails
71772,Beringius beringii,,93,Snails
71774,Beringius stimpsoni,,93,Snails
71775,Beringius crebricostatus,thick-cord whelk,93,Snails
71776,Beringius undatus,,93,Snails
71777,Beringius sp. eggs,,93,Snails
71778,Beringius sp. A (McLean and Clark),Baxter Beringius,93,Snails
71779,Beringius sp. B (McLean and Clark),two-channeled Beringius,93,Snails
71782,Beringius sp. C (McLean and Clark),,93,Snails
71783,Beringius sp. D (McLean and Clark),,93,Snails
71785,Beringius sp. F (McLean and Clark),,93,Snails
71786,Beringius sp. G (McLean and Clark),,93,Snails
71788,Beringius sp. H (McLean and Clark),,93,Snails
71789,Beringius sp. I (McLean and Clark),,93,Snails
71790,Neoberingius sp.,,93,Snails
71800,Neptunea sp.,,93,Snails
71810,Neptunea amianta,white neptune,93,Snails
71811,Neptunea smirnia,,93,Snails
71820,Neptunea pribiloffensis,Pribilof whelk,93,Snails
71840,Neptunea middendorffii,,93,Snails
71870,Neptunea lyrata,lyre whelk,93,Snails
71882,Neptunea ventricosa,fat whelk,93,Snails
71883,Neptunea insularis,,93,Snails
71887,Neptunea sp. A (McLean and Clark),,93,Snails
71888,Neptunea sp. B (McLean and Clark),,93,Snails
71889,Neptunea sp. C (McLean and Clark),,93,Snails
71890,Plicifusus sp.,,93,Snails
71891,Plicifusus kroyeri,,93,Snails
71895,Volutopsius callorhinus,,93,Snails
71901,Sulcosinus taphrius,sulcated whelk,93,Snails
71917,Neptunea sp. G (Clark and McLean),,93,Snails
72059,Aforia sp.,,93,Snails
72063,Aforia circinata,keeled Aforia,93,Snails
72065,Boreoscala greenlandica,Greenland wentletrap,93,Snails
72130,Mangelia carlotta,,93,Snails
72380,Torellia ammonia,rams-horn hairysnail,93,Snails
72405,Boreotrophon elegantulus,,93,Snails
72409,Boreotrophon multicostatus,ribbed trophon,93,Snails
72420,Boreotrophon sp.,,93,Snails
72500,Fusitriton oregonensis,Oregon triton,93,Snails
72501,Fusitriton sp.,,93,Snails
72531,Margarites sp.,,93,Snails
72538,Margarites sp. C (Clark and McLean),silvery margarite,93,Snails
72738,Buccinum bulimuloideum,,93,Snails
72739,Buccinum picturatum,,93,Snails
72740,Buccinum sp.,,93,Snails
72745,Buccinum sigmatopleura,wavy whelk,93,Snails
72746,Buccinum simulatum,,93,Snails
72747,Buccinum oedematum,swollen whelk,93,Snails
72748,Buccinum eugrammatum,lirate whelk,93,Snails
72751,Buccinum plectrum,sinuous whelk,93,Snails
72752,Buccinum scalariforme,ladder whelk,93,Snails
72753,Buccinum aleuticum,Aleut whelk,93,Snails
72758,Buccinum glaciale,glacial whelk,93,Snails
72760,Buccinum castaneum,chestnut whelk,93,Snails
72762,Bathybuccinum clarki,Roger buccinid,93,Snails
72763,Bathybuccinum sp.,,93,Snails
72764,Bathybuccinum ovulum,,93,Snails
72776,Buccinum sp. C (McLean and Clark),one-ribbed whelk,93,Snails
72778,Buccinum triplostephanum,three-ribbed chestnut whelk,93,Snails
72779,Buccinum sp. E (McLean and Clark),two-ribbed chestnut whelk,93,Snails
72780,Buccinum sp. F (McLean and Clark),crenulated whelk,93,Snails
72786,Buccinum rondinum,eroded whelk,93,Snails
72789,Arctomelon sp.,,93,Snails
72790,Arctomelon stearnsii,Alaska volute,93,Snails
72791,Arctomelon borealis,,93,Snails
72792,Arctomelon tamikoae,,93,Snails
72794,Arctomelon sp. cf. stearnsii (Clark and McLean),,93,Snails
72796,Volutomitra sp. A (Clark and McLean),,93,Snails
72802,Velutina plicatilis,oblique lamellaria,93,Snails
72803,Velutina conica,conical lamellaria,93,Snails
72805,Velutina velutina,smooth lamellaria,93,Snails
72806,Velutina sp.,,93,Snails
72810,Velutina rubra,,93,Snails
74000,Bivalvia,bivalve unid.,103,Bivalves
74050,Mytilidae,mussel unid.,103,Bivalves
74060,Modiolus modiolus,northern horsemussel,103,Bivalves
74065,Mytilus sp.,,103,Bivalves
74080,Mytilus edulis,blue mussel,103,Bivalves
74100,Pectinidae,scallop unid.,103,Bivalves
74103,Chlamys albida,white scallop,103,Bivalves
74104,Chlamys sp.,,103,Bivalves
74105,Chlamys behringiana,Iceland scallop,103,Bivalves
74106,Chlamys rubida,reddish scallop,103,Bivalves
74108,Chlamys sp. cf. unalaskae (Clark and  McLean),,103,Bivalves
74109,Chlamys erythocomata,,103,Bivalves
74120,Patinopecten caurinus,weathervane scallop,103,Bivalves
74171,Delectopecten vancouverensis,Vancouver scallop,103,Bivalves
74175,Parvamussium alaskense,Alaska glass-scallop,103,Bivalves
74176,Cyclopecten sp.,,103,Bivalves
74301,Panopea abrupta,Pacific geoduck,103,Bivalves
74310,Hiatella sp.,,103,Bivalves
74311,Hiatella arctica,Arctic Hiatella,103,Bivalves
74321,Panomya sp.,,103,Bivalves
74322,Panomya norvegica,Arctic roughmya,103,Bivalves
74414,Yoldia sp.,,103,Bivalves
74419,Yoldia thraciaeformis,broad Yoldia,103,Bivalves
74420,Yoldia hyperborea,northern Yoldia,103,Bivalves
74481,Limopsis akutanica,Akutan limops,103,Bivalves
74482,Empleconia vaginata,vaginated limops,103,Bivalves
74551,Vilasina seminuda,,103,Bivalves
74560,Musculus sp.,,103,Bivalves
74561,Musculus niger,black mussel,103,Bivalves
74562,Musculus discors,discordant mussel,103,Bivalves
74563,Musculus olivaceus,,103,Bivalves
74639,Astarte crenata,crenulate Astarte,103,Bivalves
74640,Astarte sp.,,103,Bivalves
74641,Astarte borealis,boreal Astarte,103,Bivalves
74642,Astarte polaris,polar Astarte,103,Bivalves
74643,Astarte elliptica,elliptical Astarte,103,Bivalves
74645,Astarte compacta,,103,Bivalves
74646,Astarte arctica,,103,Bivalves
74647,Astarte montagui,,103,Bivalves
74650,Cardita sp.,,103,Bivalves
74654,Cyclocardia crassidens,thick carditid,103,Bivalves
74656,Cyclocardia sp.,,103,Bivalves
74980,Clinocardium sp.,,103,Bivalves
74981,(blank),cockle unid.,103,Bivalves
74982,Clinocardium nuttallii,Nuttall cockle,103,Bivalves
74983,Ciliatoclinocardium ciliatum,hairy cockle,103,Bivalves
74986,Clinocardium blandum,low-rib cockle,103,Bivalves
75201,Tellina sp.,,103,Bivalves
75205,Tellina lutea,Alaska great-tellin,103,Bivalves
75240,Macoma sp.,,103,Bivalves
75284,Serripes sp.,,103,Bivalves
75285,Serripes groenlandicus,Greenland cockle,103,Bivalves
75286,Serripes laperousii,broad cockle,103,Bivalves
75287,Serripes notabilis,oblique smoothcockle,103,Bivalves
75332,Mya arenaria,softshell,103,Bivalves
75600,Pododesmus macrochisma,Alaska falsejingle,103,Bivalves
75601,Pododesmus cepio,abalone jingle,103,Bivalves
75605,Pododesmus sp.,,103,Bivalves
75610,Anomiidae,falsejingle unid.,103,Bivalves
77011,Dentalium sp.,,103,Bivalves
78000,Cephalopoda,cephalopod unid.,0,Gen Cephalopod
78010,Octopodidae,octopus unid.,74,Octopi 
78011,(blank),pelagic octopus unid.,74,Octopi 
78012,Benthoctopus leioderma,smoothskin octopus,74,Octopi 
78013,Benthoctopus sibiricus,,74,Octopi 
78020,Octopus sp.,,74,Octopi 
78022,Japetella diaphana,,74,Octopi 
78030,Opisthoteuthis californiana,flapjack devilfish,74,Octopi 
78403,Enteroctopus dofleini,giant octopus,74,Octopi 
78404,Octopus rubescens,,74,Octopi 
78452,Benthoctopus sp.,,74,Octopi 
78454,Sasakiopus salebrosus,pygmy benthoctopus,74,Octopi 
78455,Benthoctopus oregonensis,,74,Octopi 
78502,Vampyroteuthis infernalis,vampire squid,74,Octopi 
79000,Decapodiformes,squid unid.,75,Squids
79002,Decapodiform egg,squid egg unid.,75,Squids
79020,Rossia pacifica,eastern Pacific bobtail,75,Squids
79021,Rossia pacifica eggs,,75,Squids
79120,Doryteuthis opalescens,California market squid,75,Squids
79200,Gonatus sp.,,75,Squids
79201,Gonatus onyx,clawed armhook squid,75,Squids
79203,Gonatus pyros,fiery armhook squid,75,Squids
79208,Gonatus middendorffi,,75,Squids
79210,Berryteuthis magister,magistrate armhook squid,75,Squids
79211,Berryteuthis anonychus,,75,Squids
79250,Gonatopsis sp.,,75,Squids
79252,Gonatopsis borealis,boreopacific armhook squid,75,Squids
79302,Moroteuthis robusta,robust clubhook squid,75,Squids
79312,Onychoteuthis borealijaponicus,boreal clubhook squid,75,Squids
79340,Galiteuthis phyllura,,75,Squids
79404,Chiroteuthis calyx,,75,Squids
79406,Cranchiidae,,75,Squids
79442,Taonius pavo,,75,Squids
79443,Belonella borealis,,75,Squids
79504,Octopoteuthis deletron,,75,Squids
79512,Histioteuthis hoylei,,75,Squids
79513,Stigmatoteuthis dofleini,,75,Squids
80000,Asteroidea,sea star unid.,90,Sea stars
80010,Evasterias sp.,,90,Sea stars
80015,Evasterias troschelii,mottled sea star,90,Sea stars
80018,Diamphiodia occidentalis,,91,Brittle stars
80020,Evasterias echinosoma,giant sea star,90,Sea stars
80105,Orthasterias sp.,,90,Sea stars
80106,Orthasterias koehleri,redbanded sea star,90,Sea stars
80110,Leptasterias groenlandica,,90,Sea stars
80112,Leptasterias hylodes,Aleutian sea star,90,Sea stars
80113,Leptasterias stolocantha,,90,Sea stars
80115,Leptasterias coei,,90,Sea stars
80116,Leptasterias truculenta,giant Aleutian six-rayed star,90,Sea stars
80160,Pycnopodia helianthoides,sunflower sea star,90,Sea stars
80170,Stylasterias forreri,long-rayed star,90,Sea stars
80171,Stylasterias sp.,,90,Sea stars
80190,Tarsaster alaskanus,,90,Sea stars
80200,Lethasterias nanimensis,blackspined sea star,90,Sea stars
80201,Lethasterias sp.,,90,Sea stars
80220,Pedicellaster sp.,,90,Sea stars
80230,Pedicellaster magister,majestic sea star,90,Sea stars
80250,Stephanasterias albula,,90,Sea stars
80535,Henricia lineata,lined blood star,90,Sea stars
80536,Henricia sp. B (Clark 2006),white Henricia,90,Sea stars
80537,Henricia rhytisma,mottled Henricia,90,Sea stars
80540,Henricia sp.,,90,Sea stars
80542,Henricia sanguinolenta,sanguine sea star,90,Sea stars
80543,Henricia aspera,ridged blood star,90,Sea stars
80544,Henricia leviuscula,blood sea star,90,Sea stars
80545,Henricia aleutica,,90,Sea stars
80546,Henricia tumida,tumid sea star,90,Sea stars
80547,Henricia asthenactis,,90,Sea stars
80548,Henricia longispina,,90,Sea stars
80549,Henricia multispina,spiny Henricia,90,Sea stars
80550,Odontohenricia fisheri,,90,Sea stars
80551,Odontohenricia sp.,,90,Sea stars
80552,Odontohenricia sp. A (Clark),,90,Sea stars
80553,Odontohenricia sp. B (Clark),,90,Sea stars
80554,Odontohenricia ahearnae,,90,Sea stars
80557,Aleutihenricia federi,,90,Sea stars
80560,Henricia sp. D (Clark 2006),fuzzy henricia,90,Sea stars
80561,Henricia sp. E (Clark 2006),slender pale Henricia,90,Sea stars
80590,Leptasterias polaris,,90,Sea stars
80591,Leptasterias katharinae,,90,Sea stars
80594,Leptasterias arctica,,90,Sea stars
80595,Leptasterias sp.,,90,Sea stars
80596,Leptasterias camtschatica,,90,Sea stars
80597,Aleutihenricia beringiana,Bering Henricia,90,Sea stars
80598,Henricia dyscrita,short-spined Henricia,90,Sea stars
80601,Aleutiaster sp.,,90,Sea stars
80602,Gephyreaster swifti,Swift sea star,90,Sea stars
80603,Gephyreaster sp.,,90,Sea stars
80610,Pseudarchaster sp.,,90,Sea stars
80620,Pseudarchaster alascensis,,90,Sea stars
80629,Odontaster sp. B (Clark),,90,Sea stars
80630,Hippasteria sp.,,90,Sea stars
80631,Hippasteria kurilensis,,90,Sea stars
80632,Hippasteria armata,,90,Sea stars
80633,Hippasteria aleutica,Aleutian spiny star,90,Sea stars
80634,Hippasteria sp. B (Clark),pale spiny star,90,Sea stars
80637,Hippasteria sp. E (Clark),Alaskan spiny star,90,Sea stars
80640,Hippasteria californica,,90,Sea stars
80645,Hippasteria heathi,,90,Sea stars
80646,Hippasteria leiopelta,,90,Sea stars
80650,Hippasteria phrygiana (=spinosa),spiny red sea star,90,Sea stars
80660,Pseudarchaster parelii,scarlet sea star,90,Sea stars
80690,Mediaster sp.,,90,Sea stars
80691,Mediaster tenellus,,90,Sea stars
80710,Mediaster aequalis,vermilion sea star,90,Sea stars
80728,Ceramaster sp.,,90,Sea stars
80729,Ceramaster japonicus,red bat star,90,Sea stars
80730,Ceramaster patagonicus,orange bat sea star,90,Sea stars
80731,Ceramaster arcticus,Arctic bat sea star,90,Sea stars
80732,Ceramaster clarki,,90,Sea stars
80733,Ceramaster stellatus,,90,Sea stars
80800,Luidia sp.,,90,Sea stars
80810,Luidia foliolata,sand sea star,90,Sea stars
81060,Solaster sp.,,90,Sea stars
81061,Solaster endeca,northern sun sea star,90,Sea stars
81062,Solaster hypothrissus,,90,Sea stars
81063,Solaster hexactis,,90,Sea stars
81064,Solaster dawsoni,morning sun sea star,90,Sea stars
81065,Solaster stimpsoni,striped sun sea star,90,Sea stars
81067,Solaster sp. A (Clark 1997),,90,Sea stars
81068,Solaster spectabilis,beautiful sun star,90,Sea stars
81069,Solaster sp. D (Clark),serpent sun star,90,Sea stars
81070,Solaster sp. E (Clark),Kessler sun star,90,Sea stars
81071,Solaster sp. F (Clark),Fisher sun star,90,Sea stars
81072,Solaster sp. G (Clark),ocher sun star,90,Sea stars
81073,Solaster arcticus,,90,Sea stars
81080,Solaster paxillatus,evening sun sea star,90,Sea stars
81090,Crossaster sp.,,90,Sea stars
81092,Crossaster borealis,grooved sea star,90,Sea stars
81093,Crossaster sp. A (Clark),white rose star,90,Sea stars
81094,Crossaster sp. B (Clark),pink rose star,90,Sea stars
81095,Crossaster papposus,rose sea star,90,Sea stars
81100,Heterozonias alternatus,cannonball sun star,90,Sea stars
81120,Lophaster sp.,,90,Sea stars
81121,Lophaster sp. A (Clark),,90,Sea stars
81125,Lophaster vexator,crested star,90,Sea stars
81130,Lophaster furcilliger,crested sea star,90,Sea stars
81295,Peribolaster biserialis,,90,Sea stars
81310,Pteraster sp.,,90,Sea stars
81311,Pteraster sp. cf. temnochiton (Clark 1999),,90,Sea stars
81312,Pteraster temnochiton,cushion sea star,90,Sea stars
81313,Pteraster sp. A (Clark 1999),,90,Sea stars
81314,Pteraster sp. B (Clark 1997),,90,Sea stars
81315,Pteraster tesselatus,,90,Sea stars
81316,Pteraster jordani,,90,Sea stars
81317,Pteraster willsi,,90,Sea stars
81318,Pteraster sp. D (Clark),,90,Sea stars
81320,Pteraster militaris,wrinkled star,90,Sea stars
81321,Pteraster marssipus,,90,Sea stars
81355,Pteraster obscurus,obscure sea star,90,Sea stars
81356,Pteraster pulvillus,,90,Sea stars
81360,Diplopteraster multipes,pincushion sea star,90,Sea stars
81361,Diplopteraster sp.,,90,Sea stars
81742,Asterias amurensis,purple-orange sea star,90,Sea stars
81779,Ctenodiscus sp.,,90,Sea stars
81780,Ctenodiscus crispatus,common mud star,90,Sea stars
81820,Leptychaster sp.,,90,Sea stars
81829,Leptychaster anomalus,,90,Sea stars
81830,Leptychaster pacificus,,90,Sea stars
81835,Leptychaster arcticus,North Pacific sea star,90,Sea stars
81840,Cladaster validus,,90,Sea stars
81841,Cladaster sp.,,90,Sea stars
81850,Dipsacaster sp.,,90,Sea stars
81870,Dipsacaster borealis,northern sea star,90,Sea stars
81908,Cheiraster sp.,,90,Sea stars
81909,Cheiraster sp. A (Clark 2006),Aleutian fragile sea star,90,Sea stars
81910,Cheiraster dawsoni,fragile sea star,90,Sea stars
81912,Nearchaster variabilis,,90,Sea stars
81919,Nearchaster sp.,,90,Sea stars
81930,Astronebris tatafilius,,91,Brittle stars
82100,Anteliaster sp.,,90,Sea stars
82101,Anteliaster nannodes,,90,Sea stars
82500,Echinacea,sea urchin unid.,92,Urchins dollars cucumbers
82510,Strongylocentrotus droebachiensis,green sea urchin,92,Urchins dollars cucumbers
82511,Strongylocentrotus sp.,,92,Urchins dollars cucumbers
82520,Strongylocentrotus franciscanus,red sea urchin,92,Urchins dollars cucumbers
82522,Strongylocentrotus polyacanthus,,92,Urchins dollars cucumbers
82525,Strongylocentrotus purpuratus,purple sea urchin,92,Urchins dollars cucumbers
82526,Strongylocentrotus pallidus,white sea urchin,92,Urchins dollars cucumbers
82530,Allocentrotus fragilis,orange-pink sea urchin,92,Urchins dollars cucumbers
82535,Allocentrotus sp.,,92,Urchins dollars cucumbers
82675,Brisaster latifrons,heart urchin,92,Urchins dollars cucumbers
82730,(blank),sand dollar unid.,92,Urchins dollars cucumbers
82740,Echinarachnius parma,parma sand dollar,92,Urchins dollars cucumbers
82750,(blank),crinoid unid.,92,Urchins dollars cucumbers
82755,Heliometra glacialis,,92,Urchins dollars cucumbers
82757,Retiometra alascana,Alaskan crinoid,92,Urchins dollars cucumbers
82760,Florometra sp.,,92,Urchins dollars cucumbers
82765,Florometra inexpectata,,92,Urchins dollars cucumbers
82770,Florometra serratissima,featherstar crinoid,92,Urchins dollars cucumbers
82771,Florometra asperrima,common northern feather star,92,Urchins dollars cucumbers
82775,Fariometra sp.,dwarf feather star,92,Urchins dollars cucumbers
83000,Ophiuroidea,brittlestar unid.,91,Brittle stars
83010,Ophiuridae,,91,Brittle stars
83020,Gorgonocephalus eucnemis,basketstar,91,Brittle stars
83021,Gorgonocephalus sp. cf. arcticus,,91,Brittle stars
83022,Gorgonocephalus sp.,,91,Brittle stars
83055,Asteronychidae,,91,Brittle stars
83060,Asteronyx sp.,,91,Brittle stars
83070,Asteronyx loveni,serpent sea star,91,Brittle stars
83080,Astrochele laevis,,91,Brittle stars
83081,Astrochele sp. A (Clark 2006),,91,Brittle stars
83090,Astrochele sp.,,91,Brittle stars
83310,Ophiura sp.,,91,Brittle stars
83319,Ophiura luetkenii,gray brittle star,91,Brittle stars
83320,Ophiura sarsii,notched brittlestar,91,Brittle stars
83336,Stegophiura nodosa,,91,Brittle stars
83340,Stegophiura ponderosa,,91,Brittle stars
83342,Ophiacantha sp.,,91,Brittle stars
83343,Ophiacantha enneactis,,91,Brittle stars
83345,Ophiophthalmus cataleimmoidus,,91,Brittle stars
83360,Ophiopholis sp.,,91,Brittle stars
83390,Ophiopholis longispina,,91,Brittle stars
83391,Ophiopholis japonica,,91,Brittle stars
83400,Ophiopholis aculeata,ubiquitous brittle star,91,Brittle stars
83402,Ophioscolex sp.,,91,Brittle stars
83411,Ophiolebes sp.,,91,Brittle stars
83412,Ophiosemnotes pachybactra,thick spined brittle star,91,Brittle stars
83413,Ophiosemnotes brevispina,short spined brittle star,91,Brittle stars
83414,Ophiosemnotes tylota,,91,Brittle stars
83416,Ophiolebes sp. A (Clark 2006),,91,Brittle stars
83417,Ophiolebes sp. B (Clark 2006),,91,Brittle stars
83418,Ophiolebes sp. C (Clark 2006),,91,Brittle stars
83419,Ophiolebes sp. D (Clark 2006),,91,Brittle stars
83421,Ophiolebes sp. F (Clark 2006),,91,Brittle stars
83701,Amphiodia sp.,,91,Brittle stars
85000,Holothuroidea,sea cucumber unid.,92,Urchins dollars cucumbers
85010,Cucumaria japonica,,92,Urchins dollars cucumbers
85015,Parastichopus sp.,,92,Urchins dollars cucumbers
85016,Parastichopus leukothele,giant orange cucumber,92,Urchins dollars cucumbers
85020,Parastichopus californicus,California sea cucumber,92,Urchins dollars cucumbers
85060,Pseudostichopus sp.,,92,Urchins dollars cucumbers
85070,Pseudostichopus mollis,sandy sea cucumber,92,Urchins dollars cucumbers
85080,Chiridota sp.,,92,Urchins dollars cucumbers
85115,Molpadia sp.,,92,Urchins dollars cucumbers
85120,Molpadia intermedia,sweet sea potato,92,Urchins dollars cucumbers
85169,Pentamera lissoplaca,crescent sea cucumber,92,Urchins dollars cucumbers
85180,Bathyplotes sp.,,92,Urchins dollars cucumbers
85200,Cucumaria sp.,,92,Urchins dollars cucumbers
85201,Cucumaria fallax,sea football,92,Urchins dollars cucumbers
85202,Cucumaria frondosa,,92,Urchins dollars cucumbers
85205,Apostichopus japonicus,,92,Urchins dollars cucumbers
85209,Psolidae,,92,Urchins dollars cucumbers
85210,Psolus sp.,,92,Urchins dollars cucumbers
85211,Psolus phantapus,,92,Urchins dollars cucumbers
85212,Psolus chitonoides,,92,Urchins dollars cucumbers
85213,Psolus sp. A (Clark 2006),,92,Urchins dollars cucumbers
85219,Psolus fabricii,brownscaled sea cucumber,92,Urchins dollars cucumbers
85220,Psolus squamatus,whitescaled sea cucumber,92,Urchins dollars cucumbers
85222,Psolus japonicus,,92,Urchins dollars cucumbers
85224,Psolidium bullatum,,92,Urchins dollars cucumbers
85260,Thyonidium sp.,,92,Urchins dollars cucumbers
85270,Pannychia moseleyi,deep sea papillate cucumber,92,Urchins dollars cucumbers
85287,Synallactes sp. A (Clark 2006),,92,Urchins dollars cucumbers
85289,Synallactes sp.,,92,Urchins dollars cucumbers
85290,Synallactes challengeri,,92,Urchins dollars cucumbers
91000,Porifera,sponge unid.,102,Sponges
91002,(blank),hairy lemon sponge,102,Sponges
91005,(blank),vase sponge unid.,102,Sponges
91010,Demospongiae,,102,Sponges
91014,Haliclona sp.,,102,Sponges
91015,Suberites sp.,,102,Sponges
91016,Suberites ficus,,102,Sponges
91017,Suberites sp. A (Clark 2006),wax sponge,102,Sponges
91018,Pseudosuberites montiniger,peach sponge,102,Sponges
91019,Suberites montalbidus,stinky sponge,102,Sponges
91020,Suberites domuncula,hermit sponge,102,Sponges
91030,Aphrocallistes vastus,clay pipe sponge,102,Sponges
91035,Heterochone calyx,goblet sponge,102,Sponges
91036,Heterochone tenera,crusty tube sponge,102,Sponges
91038,Phakellia sp.,,102,Sponges
91039,Mycale sp.,,102,Sponges
91040,Mycale loveni,tree sponge,102,Sponges
91041,Mycale sp. A (Clark 2006),red mycale,102,Sponges
91042,Mycale adhaerens,smooth scallop sponge,102,Sponges
91046,Geodia mesotriaena,soccer ball sponge,102,Sponges
91047,Geodia sp.,,102,Sponges
91048,Acanthascus sp.,,102,Sponges
91049,Halichondria sp.,,102,Sponges
91050,Halichondria panicea,barrel sponge,102,Sponges
91052,Leucandra heathi,spiny vase sponge,102,Sponges
91053,Rhabdocalyptus sp.,cloud sponge,102,Sponges
91054,Mycale bellabellensis,lampshade sponge,102,Sponges
91055,(blank),brain sponge,102,Sponges
91056,(blank),funnel sponge,102,Sponges
91057,Stelodoryx oxeata,scapula sponge,102,Sponges
91059,Semisuberites cribrosa,cat-o-nine-tails sponge,102,Sponges
91060,Myxilla parasitica,scallop sponge,102,Sponges
91061,Myxilla lacunosa,sulfur sponge,102,Sponges
91062,Crella brunnea,soft brown sponge,102,Sponges
91063,Echinoclathria beringensis,hat sponge,102,Sponges
91064,Axinella blanca,firm finger sponge,102,Sponges
91065,Pachastrellidae sp. 1,mushroom sponge,102,Sponges
91066,Histodermella kagigunensis,spud sponge,102,Sponges
91067,Tedania kagalaskai,club sponge,102,Sponges
91068,Monanchora pulchra,yellow leafy sponge,102,Sponges
91069,Tethya sp.,ball sponge,102,Sponges
91071,(blank),staghorn sponge,102,Sponges
91072,(blank),orange ball sponge,102,Sponges
91073,Leucosolenia sp.,,102,Sponges
91074,Polymastia sp.,,102,Sponges
91075,Polymastia pacifica,orange nipple-ball sponge,102,Sponges
91076,(blank),orange sponge,102,Sponges
91077,(blank),yellow bowl sponge,102,Sponges
91078,Polymastia pachymastia,black-orange spud sponge,102,Sponges
91079,(blank),black papillate sponge,102,Sponges
91080,(blank),yellow green papillate sponge,102,Sponges
91081,(blank),yellow papillate sponge,102,Sponges
91082,Polymastia sp. B (Clark 2006),orange nipple ball sponge,102,Sponges
91083,(blank),orange encrusting sponge,102,Sponges
91084,(blank),firm yellow green sponge,102,Sponges
91085,Leucandra sp. A (Clark 2006),hairy vase sponge,102,Sponges
91086,Mycale carlilei,trumpet sponge,102,Sponges
91087,Leucandra tuba,,102,Sponges
91088,Isodictya rigida,soft finger sponge,102,Sponges
91089,Cladocroce attu,rough hat sponge,102,Sponges
91090,(blank),orange papillate sponge,102,Sponges
91091,Neoesperiopsis sp.,,102,Sponges
91092,Esperiopsis flagrum,cheesestick sponge,102,Sponges
91093,Amphilectus digitatus,,102,Sponges
91094,Mycale tylota,slimy kelp sponge,102,Sponges
91096,(blank),slimy antler sponge,102,Sponges
91097,Leucandra sp.,,102,Sponges
91099,Cladocroce kiska,,102,Sponges
91100,Geodia starki,pita sponge,102,Sponges
91101,Phorbas paucistylifer,,102,Sponges
91102,Inflatella globosa,yellow ball sponge,102,Sponges
91103,Acanthascus sp. A,angel-hair vase sponge,102,Sponges
91105,Stelletta sp.,stone sponge,102,Sponges
91109,Amphilectus lobatus,cotton ball sponge,102,Sponges
91110,Polymastia fluegeli,Flugel nippled sponge,102,Sponges
91111,Polymastia robusta,long nippled sponge,102,Sponges
91112,Weberella bursa,pale mammilated sponge,102,Sponges
91113,Polymastia sp. A (Clark 2006),prolific nipple sponge,102,Sponges
91114,Polymastia sp. C (Clark 2006),red nipple sponge,102,Sponges
91120,Vulcanella sp. 1,fuzzy cratered sponge,102,Sponges
91121,Vulcanella sp.,,102,Sponges
91125,Tentorium semisuberites,two nipple sponge,102,Sponges
91127,Craniella villosa,tennis ball sponge,102,Sponges
91201,Sycon compactum,hairy urn sponge,102,Sponges
91210,Oscarella lobularis,stalked ball sponge,102,Sponges
91211,Stylocordyla borealis,slender stalked sponge,102,Sponges
91212,Stylocordyla eous,,102,Sponges
91213,Stylocordyla sp.,lollypop sponge,102,Sponges
91215,Plakina tanaga,white convoluted sponge,102,Sponges
91220,Tedania dirhaphis,rough bread crumb sponge,102,Sponges
91225,Latrunculia sp.,,102,Sponges
91226,Latrunculia oparinae,green papillate sponge,102,Sponges
91227,Latrunculia sp. B (Clark 2006),smooth green sponge,102,Sponges
91228,Hymeniacidon assimilis,,102,Sponges
91230,Axinella sp.,firm gray sponge,102,Sponges
91237,Stelodoryx alaskensis,Alaskan lobed sponge,102,Sponges
91238,Echinoclathria sp. A (Clark 2006),fuzzy tree sponge,102,Sponges
91239,Echinoclathria sp.,,102,Sponges
91241,Halichondria oblonga,ginseng sponge,102,Sponges
91250,Chondrocladia gigantea,carnivorous cattail sponge,102,Sponges
91251,Asbestopluma sp. A (Clark 2006),fuzzy sponge,102,Sponges
91255,Cornulum clathriata,lattice sponge,102,Sponges
91257,Isodictya palmata,prickly pear sponge,102,Sponges
91260,Chondrocladia concrescens,lobed tree sponge,102,Sponges
91261,Monanchora alaskensis,,102,Sponges
91262,Halichondria sitiens,,102,Sponges
91264,Haliclona sp. 2 (Stone et al. 2011),,102,Sponges
91265,Haliclona digitata,,102,Sponges
91267,Artemisina arcigera,,102,Sponges
91700,Hexactinellida,glass sponge unid.,102,Sponges
91701,Staurocalyptus sp.,,102,Sponges
91704,Geodinella sp.,,102,Sponges
91705,Geodinella lendenfeldi,calcareous finger sponge,102,Sponges
91710,Aulosaccus schulzei,vase sponge,102,Sponges
91720,Farrea sp.,,102,Sponges
91721,Farrea beringiana,Bering lace sponge,102,Sponges
91725,Regadrella okinoseana,lacy basket sponge,102,Sponges
92000,Platyhelminthes,flatworm unid.,105,Misc. worms 
92021,Polycladida,polyclad flatworm unid.,105,Misc. worms 
92500,Nemertea,nemertean worm unid.,105,Misc. worms 
92502,Emplectonema sp.,,105,Misc. worms 
92512,Tubulanus sp. A (Clark 2006),red ribbon worm,105,Misc. worms 
92802,Cerebratulus californienesis,light-edged ribbon worm,105,Misc. worms 
93150,Chaetognatha,arrow worm unid.,108,Chaetognaths
93500,Nematoda,nematode worm unid.,105,Misc. worms 
94000,Sipuncula,peanut worm unid.,105,Misc. worms 
94011,Phascolosomatidae,,105,Misc. worms 
94500,Echiura,echiuroid worm unid.,105,Misc. worms 
95000,Bryozoa,bryozoan unid.,105,Misc. worms 
95006,Myriapora orientalis,,105,Misc. worms 
95007,Myriapora sp.,,105,Misc. worms 
95010,(blank),bryozoan sp. A unid.,105,Misc. worms 
95015,Phidolopora pacifica,lattice-work bryozoan,105,Misc. worms 
95017,Bugula pacifica,,105,Misc. worms 
95020,Eucratea loricata,feathery bryozoan,105,Misc. worms 
95030,Flustra serrulata,leafy bryozoan,105,Misc. worms 
95035,Flustrellidra corniculata,,105,Misc. worms 
95036,Alcyonidium pedunculatum,,105,Misc. worms 
95037,Alcyonidium sp. A,medusa bryozoan,105,Misc. worms 
95038,Alcyonidium sp.,,105,Misc. worms 
95039,Alcyonidium disciforme,disc bryozoan,105,Misc. worms 
95040,Myriapora subgracilis,,105,Misc. worms 
95045,Idmidronea sp.,,105,Misc. worms 
95050,Porella compressa,flattened bryozoan,105,Misc. worms 
95051,Porella sp.,,105,Misc. worms 
95060,Escharopsis sarsi,,105,Misc. worms 
95070,Rhamphostomella costata,ribbed bryozoan,105,Misc. worms 
95071,Hippoporina insculpta,,105,Misc. worms 
95072,Hippodiplosia sp.,,105,Misc. worms 
95080,Celleporina ventricosa,coral bryozoan,105,Misc. worms 
95085,Celleporina sp.,,105,Misc. worms 
95090,Tubulipora sp.,tubular bryozoan,105,Misc. worms 
95100,Microporina articulata,,105,Misc. worms 
95102,Microporina sp.,,105,Misc. worms 
95105,Dendrobeania sp.,,105,Misc. worms 
97000,Brachiopoda,lampshell unid.,105,Misc. worms 
97110,Terebratalia transversa,common brachiopod,105,Misc. worms 
97115,Terebratulina unguicula,snakeshead brachiopod,105,Misc. worms 
97116,Laqueus californianus,California lamp shell,105,Misc. worms 
97120,Hemithiris psittacea,black brachiopod,105,Misc. worms 
98000,Ascidiacea,tunicate unid.,100,Urochordata
98002,Ascidian n. sp. B,transparent tunicate,100,Urochordata
98070,Thaliacea,salp unid.,112,Gelatinous filter feeders
98080,Styela sp.,,100,Urochordata
98082,Styela rustica,sea potato,100,Urochordata
98083,Styela sp. A (Clark 2006),Aleutian long-stalked tunicate,100,Urochordata
98084,Styela sp. B (Clark 2006),hexagonal tunicate,100,Urochordata
98100,Boltenia sp.,,100,Urochordata
98105,Boltenia ovifera,sea onion,100,Urochordata
98200,Halocynthia sp.,sea peach unid.,100,Urochordata
98204,Halocynthia igaboja,bristly tunicate,100,Urochordata
98205,Halocynthia aurantium,sea peach,100,Urochordata
98206,Cnemidocarpa finmarkiensis,broad base tunicate,100,Urochordata
98207,Pyura haustor,wrinkled tunicate,100,Urochordata
98210,Distaplia sp.,,100,Urochordata
98212,Distaplia occidentalis,globular ascidian,100,Urochordata
98213,Distaplia smithi,paddle ascidian,100,Urochordata
98214,Distaplia sp. A (Clark 2006),peach ascidian,100,Urochordata
98219,Aplidium californicum,california sea pork,100,Urochordata
98225,Botryllus schlosseri,golden star ascidian,100,Urochordata
98300,(blank),compound ascidian unid.,100,Urochordata
98302,Amaroucium sp.,,100,Urochordata
98303,Amaroucium soldatovi,sand-grain imbedded ascidian,100,Urochordata
98309,Chelyosoma orientale,,100,Urochordata
98310,Aplidium sp. A (Clark 2006),sea glob,100,Urochordata
98311,Aplidium n. sp. A,orange Aplidium,100,Urochordata
98312,Aplidium sp.,,100,Urochordata
98320,Synoicum sp.,sea blob,100,Urochordata
98321,Trididemnum opacum,purple-gray ascidian,100,Urochordata
98322,Ascidia paratropa,glassy tunicate,100,Urochordata
98330,(blank),brown leafy compound tunicate,100,Urochordata
98331,Chelyosoma productum,disc-top tunicate,100,Urochordata
98340,Polyclinum planum,,100,Urochordata
99900,Molgula sp.,,100,Urochordata
99902,Molgula griffithsii,sea grape,100,Urochordata
99904,Molgula retortiformis,sea clod,100,Urochordata
99910,(blank),neon yellow ascidian,100,Urochordata
99981,Craniella craniana,baseball sponge,102,Sponges
99982,Craniella spinosa,furry ball sponge,102,Sponges
99983,Craniella sputnika,spiky ball sponge,102,Sponges
99984,Craniella sp. B,knobby ball sponge,102,Sponges
99985,Craniella sigmoancoratum,spiny ball sponge,102,Sponges
99987,Craniella sp.,puffball sponges,102,Sponges
99988,Craniella arb,,102,Sponges
99990,(blank),invertebrate unid.,0,Gen Invert
99991,(blank),empty barnacle shells,0,Shells
99992,(blank),invertebrate egg unid.,0,Gen Invert
99993,(blank),empty bivalve shells,0,Shells
99994,(blank),empty gastropod shells,0,Shells
99997,(blank),unsorted catch and debris,0,Shells
99998,Polychaete tubes,,0,Tubes
20037,Bathyagonus pentacanthus,Bigeye Poacher,73,Misc. fish shallow
22251,Careproctus ostentum,Microdisk Snailfish,73,Misc. fish shallow
22924,Caulophryne jordani,Fanfin Angler,59,Misc. fish deep
23962,Macropinna microstoma,Barreleye,59,Misc. fish deep
40020,Hydractinia,Hydractinia,99,Hydroids
41526,Antipathes,Antipathes,98,Corals
42005,Stylatula gracile,Roughstem Seawhip,101,Sea Pens
42018,Pennatulidae,Pennatulid Sea Pens,101,Sea Pens
50201,Halosydna brevisetosa,Eighteen-Scaled Worm,104,Polychaetes
64100,Mysidae,Mysidae,110,Mysids
68050,Cancer productus,Red Rock Crab,87,Misc. crabs
69559,Polycheles,Polycheles,89,NP shrimp
71773,Beringius aleuticus,Beringius aleuticus,93,Snails
71787,Beringius rotundus,Rotund Whelk,93,Snails
72735,Buccinidae,Buccinidae,93,Snails
79255,Gonatopsis,Gonatopsis,75,Squids
80556,Odontohenricia,Giant Toothed Henricia,90,Sea stars
83403,Ophioscolex corynetes,Ophioscolex corynetes,91,Brittle stars
91221,Tedania,Tedania,102,Sponges
91271,Cladocroce infundibulum,Cladocroce infundibulum,102,Sponges
95016,Bugula,Bugula,105,Misc. worms 
95103,Heteropora,Heteropora,105,Misc. worms 
65211,Hamatoscalpellum columbianum,Columbian barnacle,95,Misc. Crustacean
99999,,unsorted SHAB,0,Shells
91115,Phorbas,Phorbas,102,Sponges
