RACE,SCIENTIFIC,COMMON,ECOPATH_Num,ECOPATH_Name
10285,Pleuronectes quadrituberculatus,Alaska plaice,45,AK Plaice
43006,(blank),purple striated sea anemone,96,Anemones
43007,(blank),red striated sea anemone,96,Anemones
43001,Actinauge verrilli,reticulate anemone,96,Anemones
43005,Actinernus sp.,(blank),96,Anemones
43000,Actiniaria,sea anemone unid.,96,Anemones
43080,Actiniidae,actinid sea anemones unid.,96,Anemones
43003,Actinoscyphia sp.,(blank),96,Anemones
43002,Actinostola faeculenta,rough purple sea anemone,96,Anemones
43110,Actinostola sp.,(blank),96,Anemones
43111,Actinostola sp. A (Clark 2006),(blank),96,Anemones
43112,Actinostola sp. B (Clark 2006),(blank),96,Anemones
43100,Actinostolidae,(blank),96,Anemones
43009,Corallimorphus sp.,(blank),96,Anemones
43082,Cribrinopsis fernaldi,chevron-tentacled anemone,96,Anemones
43200,Hormathiidae,(blank),96,Anemones
43090,Liponema brevicorne,tentacle-shedding anemone,96,Anemones
43021,Metridium farcimen,gigantic anemone,96,Anemones
43020,Metridium senile,clonal plumose anemone,96,Anemones
43010,Metridium sp.,(blank),96,Anemones
43050,Oceanactis diomedeae,grape anemone,96,Anemones
43051,Oceanactis sp.,(blank),96,Anemones
43032,Stomphia coccinea,swimming anemone,96,Anemones
43029,Stomphia didemon,cowardly anemone,96,Anemones
43030,Stomphia sp.,(blank),96,Anemones
43044,Urticina columbiana,crusty red anemone,96,Anemones
43042,Urticina crassicornis,mottled anemone,96,Anemones
43043,Urticina lofotensis,spotted red anemone,96,Anemones
43040,Urticina sp.,(blank),96,Anemones
10110,Atheresthes stomias,arrowtooth flounder,37,Arrowtooth
21921,Pleurogrammus monopterygius,Atka mackerel,68,Atka mackerel
68560,Chionoecetes bairdi,Tanner crab,84,Bairdi
20614,Bathylagidae,deepsea smelt unid.,77,Bathylagidae
20620,Bathylagus milleri,robust blacksmelt,77,Bathylagidae
20624,Bathylagus ochotensis,popeye blacksmelt,77,Bathylagidae
20615,Bathylagus pacificus,Pacific blacksmelt,77,Bathylagidae
20619,Bathylagus sp.,blacksmelt unid.,77,Bathylagidae
20622,Leuroglossus schmidti,northern smoothtongue,77,Bathylagidae
20660,Leuroglossus sp.,(blank),77,Bathylagidae
20662,Leuroglossus stilbius,California smoothtongue,77,Bathylagidae
60100,Amphipoda,amphipod unid.,95,Benthic Amphipods
60145,Caprella sp.,caprellid amphipod unid.,95,Benthic Amphipods
420,Raja binoculata,big skate,51,Big skate
421,Raja binoculata egg case,(blank),51,Big skate
74981,(blank),cockle unid.,102,Bivalves
74001,Acharax johnsoni,(blank),102,Bivalves
75610,Anomiidae,falsejingles unid.,102,Bivalves
74646,Astarte arctica,(blank),102,Bivalves
74641,Astarte borealis,boreal astarte,102,Bivalves
74645,Astarte compacta,(blank),102,Bivalves
74639,Astarte crenata,crenulate astarte,102,Bivalves
74643,Astarte elliptica,elliptical astarte,102,Bivalves
74647,Astarte montagui,(blank),102,Bivalves
74640,Astarte sp.,(blank),102,Bivalves
75382,Bankia setacea,feathery shipworm,102,Bivalves
74000,Bivalvia,bivalve unid.,102,Bivalves
74103,Chlamys albida,white scallop,102,Bivalves
74105,Chlamys behringiana,Iceland scallop,102,Bivalves
74107,Chlamys hastata,spiny scallop,102,Bivalves
74106,Chlamys rubida,reddish scallop,102,Bivalves
74104,Chlamys sp.,(blank),102,Bivalves
74986,Clinocardium blandum,low-rib cockle,102,Bivalves
74985,Clinocardium californiense,California cockle,102,Bivalves
74983,Clinocardium ciliatum,hairy cockle,102,Bivalves
74982,Clinocardium nuttallii,Nuttall cockle,102,Bivalves
74980,Clinocardium sp.,(blank),102,Bivalves
77102,Compressidens stearnsii,Stearns toothshell,102,Bivalves
74655,Cyclocardia crebricostata,many-rib cyclocardia,102,Bivalves
74652,Cyclocardia ovata,(blank),102,Bivalves
74656,Cyclocardia sp.,(blank),102,Bivalves
74658,Cyclocardia sp. cf. borealis (Clark 2006),northern carditid,102,Bivalves
74653,Cyclocardia ventricosa,stout cyclocardia,102,Bivalves
74177,Cyclopecten davidsoni,salmon glass-scallop,102,Bivalves
74171,Delectopecten vancouverensis,Vancouver scallop,102,Bivalves
74482,Empleconia vaginata,vaginated limops,102,Bivalves
74485,Glycymeris septentrionalis,(blank),102,Bivalves
75570,Halicardia perplicata,(blank),102,Bivalves
74311,Hiatella arctica,Arctic hiatella,102,Bivalves
74310,Hiatella sp.,(blank),102,Bivalves
75606,Hinnites sp.,rock scallops unid.,102,Bivalves
75025,Humilaria kennerleyi,Kennerleys venus,102,Bivalves
74572,Limatula sp. A (Clark and McLean),(blank),102,Bivalves
74481,Limopsis akutanica,Akutan limops,102,Bivalves
75420,Lucinoma annulatum,ringed lucine,102,Bivalves
75247,Macoma brota,heavy macoma,102,Bivalves
75242,Macoma calcarea,chalky macoma,102,Bivalves
75240,Macoma sp.,(blank),102,Bivalves
75111,Mactromeris polynyma,Arctic surfclam,102,Bivalves
75110,Mactromeris sp.,(blank),102,Bivalves
74060,Modiolus modiolus,northern horsemussel,102,Bivalves
74562,Musculus discors,discordant mussel,102,Bivalves
74561,Musculus niger,black mussel,102,Bivalves
74560,Musculus sp.,(blank),102,Bivalves
75335,Mya pseudoarenaria,false softshell,102,Bivalves
75330,Mya sp.,(blank),102,Bivalves
75333,Mya truncata,truncate softshell,102,Bivalves
74050,Mytilidae,mussel unid.,102,Bivalves
74070,Mytilus californianus,California mussel,102,Bivalves
74080,Mytilus edulis,blue mussel,102,Bivalves
74065,Mytilus sp.,(blank),102,Bivalves
74332,Nucula sp.,(blank),102,Bivalves
74438,Nuculana conceptionis,(blank),102,Bivalves
74439,Nuculana fossa,trenched nutclam,102,Bivalves
74436,Nuculana pernula,northern nutclam,102,Bivalves
74435,Nuculana sp.,(blank),102,Bivalves
74320,Panomya arctica,(blank),102,Bivalves
74321,Panomya sp.,(blank),102,Bivalves
74301,Panopea abrupta,Pacific geoduck,102,Bivalves
74175,Parvamussium alaskense,Alaska glass-scallop,102,Bivalves
74120,Patinopecten caurinus,weathervane scallop,102,Bivalves
74100,Pectinidae,scallop unid.,102,Bivalves
75601,Pododesmus cepio,abalone jingle,102,Bivalves
75600,Pododesmus macrochisma,Alaska falsejingle,102,Bivalves
75605,Pododesmus sp.,(blank),102,Bivalves
75030,Protothaca staminea,Pacific littleneck,102,Bivalves
75021,Saxidomus gigantea,butter clam,102,Bivalves
75285,Serripes groenlandicus,Greenland cockle,102,Bivalves
75286,Serripes laperousii,broad cockle,102,Bivalves
75287,Serripes notabilis,oblique smoothcockle,102,Bivalves
75284,Serripes sp.,(blank),102,Bivalves
75267,Siliqua alta,Alaska razor,102,Bivalves
75266,Siliqua patula,Pacific razor,102,Bivalves
75264,Siliqua sp.,(blank),102,Bivalves
75205,Tellina lutea,Alaska great-tellin,102,Bivalves
75204,Tellina modesta,(blank),102,Bivalves
75201,Tellina sp.,(blank),102,Bivalves
75381,Teredinidae,shipworm unid.,102,Bivalves
75103,Tresus capax,fat gaper,102,Bivalves
74420,Yoldia hyperborea,northern yoldia,102,Bivalves
74416,Yoldia seminuda,crisscrossed yoldia,102,Bivalves
74414,Yoldia sp.,(blank),102,Bivalves
74419,Yoldia thraciaeformis,broad yoldia,102,Bivalves
83701,Amphiodia sp.,(blank),90,Brittle stars
83337,Amphiophiura sp. A (Clark 2006),(blank),90,Brittle stars
83338,Amphiophiura superba,(blank),90,Brittle stars
83055,Asteronychidae,(blank),90,Brittle stars
83075,Asteronyx longifissa,(blank),90,Brittle stars
83070,Asteronyx loveni,serpent sea star,90,Brittle stars
83060,Asteronyx sp.,(blank),90,Brittle stars
83080,Astrochele laevis,(blank),90,Brittle stars
83090,Astrochele sp.,(blank),90,Brittle stars
83081,Astrochele sp. A (Clark 2006),(blank),90,Brittle stars
81930,Astronebris tatafilius,(blank),90,Brittle stars
83020,Gorgonocephalus eucnemis,basketstar,90,Brittle stars
83022,Gorgonocephalus sp.,(blank),90,Brittle stars
83021,Gorgonocephalus sp. cf. arcticus,(blank),90,Brittle stars
83345,Ophiacantha cataleimmoida,(blank),90,Brittle stars
83344,Ophiacantha diplasia,(blank),90,Brittle stars
83341,Ophiacantha normani,(blank),90,Brittle stars
83342,Ophiacantha sp.,(blank),90,Brittle stars
83347,Ophiacantha sp. A,(blank),90,Brittle stars
83411,Ophiolebes sp.,(blank),90,Brittle stars
83421,Ophiolebes sp. F (Clark 2006),(blank),90,Brittle stars
83400,Ophiopholis aculeata,ubiquitous brittle star,90,Brittle stars
83391,Ophiopholis japonica,(blank),90,Brittle stars
83390,Ophiopholis longispina,(blank),90,Brittle stars
83360,Ophiopholis sp.,(blank),90,Brittle stars
83403,Ophioscolex corynetes,(blank),90,Brittle stars
83402,Ophioscolex sp.,(blank),90,Brittle stars
83408,Ophiosphalma sp. cf. jolliensis,(blank),90,Brittle stars
83312,Ophiura quadrispina,four spined brittle star,90,Brittle stars
83320,Ophiura sarsi,notched brittlestar,90,Brittle stars
83310,Ophiura sp.,(blank),90,Brittle stars
83010,Ophiuridae,(blank),90,Brittle stars
83000,Ophiuroidea,brittlestar unid.,90,Brittle stars
83336,Stegophiura nodosa,(blank),90,Brittle stars
83340,Stegophiura ponderosa,(blank),90,Brittle stars
23041,Mallotus villosus,capelin,79,Capelin
41591,Alaskagorgia aleutiana,(blank),97,Corals
41100,Alcyonacea,soft coral unid.,97,Corals
41102,Alcyonium sp.,(blank),97,Corals
41104,Alcyonium sp. A (Clark 2006),pink orange mushroom coral,97,Corals
44094,Amphilaphis sp.,(blank),97,Corals
41300,Anthomastus sp.,(blank),97,Corals
41331,Anthomastus sp. A,red anthomastus,97,Corals
41332,Anthomastus sp. B,gray anthomastus,97,Corals
44105,Anthothela grandiflora,(blank),97,Corals
41525,Antipatharia,black coral,97,Corals
44114,Arthrogorgia otsukai,(blank),97,Corals
44098,Arthrogorgia sp.,(blank),97,Corals
41541,Bathypathes patula,(blank),97,Corals
41540,Bathypathes sp.,(blank),97,Corals
41573,Calcigorgia beringi,Bering red sea fan,97,Corals
41700,Calcigorgia sp.,(blank),97,Corals
41701,Calcigorgia spiculifera,(blank),97,Corals
41600,Callogorgia sp.,(blank),97,Corals
44023,Caryophyllia alaskensis,Alaska cup coral,97,Corals
44022,Caryophyllia arnoldi,brown cup coral,97,Corals
44020,Caryophyllia sp.,(blank),97,Corals
44004,Caryophylliidae,cup corals,97,Corals
41530,Chrysopathes speciosa,(blank),97,Corals
41752,Clavularia incrustans,encrusting coral,97,Corals
44019,Crispatotrochus foxi,cup coral,97,Corals
44038,Crypthelia sp.,(blank),97,Corals
44036,Crypthelia trophostega,(blank),97,Corals
44040,Cyclohelia lamellata,(blank),97,Corals
44041,Cyclohelia sp.,(blank),97,Corals
44061,Distichopora borealis,(blank),97,Corals
44081,Errinopora sp.,(blank),97,Corals
44077,Errinopora sp. B (Clark 2006),pale-edged hydrocoral,97,Corals
44080,Errinopora zarhyncha,(blank),97,Corals
41586,Euplexaura marki,(blank),97,Corals
41585,Euplexaura sp.,(blank),97,Corals
44090,Fanellia compressa,(blank),97,Corals
44091,Fanellia fraseri,(blank),97,Corals
44089,Fanellia sp.,(blank),97,Corals
41221,Gersemia rubiformis,(blank),97,Corals
41201,Gersemia sp.,sea raspberry,97,Corals
41500,Gorgonacea,gorgonian coral unid.,97,Corals
44085,Isidella sp.,articulated bamboo coral,97,Corals
44084,Isididae,bamboo coral unid.,97,Corals
44088,Keratoisis sp.,nodal bamboo coral unid.,97,Corals
41551,Lillipathes lilliei,(blank),97,Corals
41552,Lillipathes sp. A (Clark 2006),(blank),97,Corals
44092,Muriceides nigra,(blank),97,Corals
44093,Muriceides sp.,(blank),97,Corals
41582,Paragorgia arborea,Kamchatka coral,97,Corals
41587,Paragorgia nodosa,(blank),97,Corals
41583,Paragorgia pacifica,(blank),97,Corals
41580,Paragorgia sp.,(blank),97,Corals
41550,Parantipathes sp.,(blank),97,Corals
41605,Parastenella sp. A (Clark 2006),sugar coral,97,Corals
44097,Plumarella nuttingi,Loose-branched Plumarella,97,Corals
44083,Plumarella sp.,(blank),97,Corals
44086,Plumarella sp. 1 (Bayer),(blank),97,Corals
44095,Plumarella sp. A,(blank),97,Corals
44096,Plumarella sp. B,(blank),97,Corals
44075,Plumarella superba,(blank),97,Corals
41521,Primnoa pacifica,(blank),97,Corals
41520,Primnoa sp.,(blank),97,Corals
41522,Primnoa willeyi,red tree coral,97,Corals
44107,Primnoa wingi,(blank),97,Corals
41572,Psammogorgia simplex,(blank),97,Corals
44000,Scleractinia,stony coral unid.,97,Corals
44045,Stylaster alaskanus,(blank),97,Corals
44032,Stylaster brochi,(blank),97,Corals
44037,Stylaster campylecus,(blank),97,Corals
44039,Stylaster moseleyana,(blank),97,Corals
44048,Stylaster repandus,(blank),97,Corals
44030,Stylaster sp.,(blank),97,Corals
44028,Stylasteridae,stylasterid corals,97,Corals
44029,Stylasterina,hydrocoral unid.,97,Corals
41571,Swiftia pacifica,(blank),97,Corals
41570,Swiftia sp.,(blank),97,Corals
44106,Thouarella cristata,bottlebrush coral,97,Corals
44087,Thouarella sp.,(blank),97,Corals
43045,Zoanthidae sp. A,hot dog zoanthid,97,Corals
43225,Zoanthus sp.,(blank),97,Corals
310,Squalus acanthias,spiny dogfish,29,Dogfish
10180,Microstomus pacificus,Dover sole,46,Dover Sole
30150,(blank),dusky and dark rockfishes unid.,61,Dusky Rock
30151,Sebastes ciliatus,dark rockfish,61,Dusky Rock
30152,Sebastes variabilis,dusky rockfish,61,Dusky Rock
24110,Bothrocara brunneum,twoline eelpout,54,Eelpouts
24120,Bothrocara molle,soft eelpout,54,Eelpouts
24111,Bothrocara pusillum,Alaska eelpout,54,Eelpouts
24220,Bothrocara sp.,(blank),54,Eelpouts
24112,Bothrocara zestum,western eelpout,54,Eelpouts
24152,Lycenchelys camchatica,Kamchatka eelpout,54,Eelpouts
24130,Lycenchelys crotalinus,snakehead eelpout,54,Eelpouts
24150,Lycenchelys sp.,(blank),54,Eelpouts
24160,Lycodapus fierasfer,blackmouth eelpout,54,Eelpouts
24170,Lycodapus mandibularis,pallid eelpout,54,Eelpouts
24232,Lycodapus parviceps,smallhead eelpout,54,Eelpouts
24230,Lycodapus sp.,(blank),54,Eelpouts
24195,Lycodes beringi,Bering eelpout,54,Eelpouts
24191,Lycodes brevipes,shortfin eelpout,54,Eelpouts
24187,Lycodes concolor,ebony eelpout,54,Eelpouts
24140,Lycodes cortezianus,bigfin eelpout,54,Eelpouts
24200,Lycodes pacificus,blackbelly eelpout,54,Eelpouts
24185,Lycodes palearis,wattled eelpout,54,Eelpouts
24188,Lycodes polaris,Canadian eelpout,54,Eelpouts
24180,Lycodes sp.,(blank),54,Eelpouts
24100,Zoarcidae,eelpout unid.,54,Eelpouts
23010,Thaleichthys pacificus,eulachon,81,Eulachon
63500,Euphausiacea,euphausiid unid.,108,Euphausiids
10130,Hippoglossoides elassodon,flathead sole,42,FH. Sole
1,(blank),fish eggs unid.,106,Fish Larvae
2,(blank),fish larvae unid.,106,Fish Larvae
21422,Hemitripterus bolini eggs,bigmouth sculpin eggs,106,Fish Larvae
10002,Pleuronectiform larvae,flatfish larvae,106,Fish Larvae
45005,Beroe sp.,(blank),111,Gelatinous filter feeders
40507,Bolinopsis sp.,(blank),111,Gelatinous filter feeders
45000,Ctenophora,comb jelly unid.,111,Gelatinous filter feeders
98070,Thaliacea,salp unid.,111,Gelatinous filter feeders
98072,Thetys vagina,common salp,111,Gelatinous filter feeders
78005,Cephalopoda egg,squid or octopus unid. eggs,0,Gen Cephalopod
210,Apristurus brunneus,brown cat shark,0,Gen Chondrychthyes
222,Hexanchus griseus,sixgill shark,0,Gen Chondrychthyes
710,Hydrolagus colliei,spotted ratfish,0,Gen Chondrychthyes
711,Hydrolagus colliei egg case,(blank),0,Gen Chondrychthyes
40001,Cnidaria,coelenterate unid.,0,Gen Cnidarian
68000,(blank),crab unid.,0,Gen crab
69000,Anomura,(blank),0,Gen crab
68541,Chionoecetes sp.,Tanner crab unid.,0,Gen crab
3,(blank),fish unid.,0,Gen Fish
21731,Antimora microlepis,Pacific flatnose,0,Gen fish
20842,Brama japonica,Pacific pomfret,0,Gen fish
21705,Gadidae,cod unid.,0,Gen fish
22500,Merluccius productus,Pacific hake,0,Gen fish
21910,Ophiodon elongatus,lingcod,0,Gen fish
23000,Osmeridae,smelt unid.,0,Gen fish
23500,Scombridae,mackerel unid.,0,Gen fish
10112,Atheresthes evermanni,Kamchatka flounder,0,Gen flatfish
10115,Reinhardtius hippoglossoides,Greenland turbot,0,Gen flatfish
99990,(blank),invertebrate unid.,0,Gen Invert
99992,(blank),invertebrate eggs unid.,0,Gen Invert
70000,Mollusca,mollusk unid.,0,Gen Mollusc
70062,Neomenia cf. yamamoti (Clark 2006),(blank),0,Gen Mollusc
70061,Neomenia efgamatoi,(blank),0,Gen Mollusc
70060,Neomenia sp.,(blank),0,Gen Mollusc
70050,Neomeniomorpha,solenogaster unidentified,0,Gen Mollusc
66000,(blank),shrimp unid.,0,Gen Shrimp
41099,Octocorallia,(blank),0,Gen. Anthozoa
40034,Abietinaria sp.,(blank),0,Gen. Hydrozoa
40012,Bonneviella sp. A (Clark 2006),champagne flute hydroid,0,Gen. Hydrozoa
40011,Hydroidolina,hydroid unid.,0,Gen. Hydrozoa
40010,Hydrozoa,(blank),0,Gen. Hydrozoa
21900,Hexagrammidae,greenling unid.,69,Greenlings
21935,Hexagrammos decagrammus,kelp greenling,69,Greenlings
21934,Hexagrammos lagocephalus,rock greenling,69,Greenlings
21931,Hexagrammos octogrammus,masked greenling,69,Greenlings
21930,Hexagrammos sp.,(blank),69,Greenlings
21932,Hexagrammos stelleri,whitespotted greenling,69,Greenlings
21937,Zaniolepis frenata,shortspine combfish,69,Greenlings
21230,Albatrossia pectoralis,giant grenadier,55,Grenadiers
21220,Coryphaenoides acrolepis,Pacific grenadier,55,Grenadiers
21232,Coryphaenoides cinereus,popeye grenadier,55,Grenadiers
21238,Coryphaenoides filifer,filamented grenadier,55,Grenadiers
21210,Coryphaenoides sp.,(blank),55,Grenadiers
21200,Macrouridae,grenadier unid.,55,Grenadiers
69011,Discorsopagurus schmitti,(blank),93,Hermit crabs
69121,Elassochirus cavimanus,purple hermit,93,Hermit crabs
69122,Elassochirus gilli,Pacific red hermit,93,Hermit crabs
69123,Elassochirus sp.,(blank),93,Hermit crabs
69110,Elassochirus tenuimanus,widehand hermit crab,93,Hermit crabs
69061,Labidochirus splendescens,splendid hermit,93,Hermit crabs
69010,Paguridae,hermit crab unid.,93,Hermit crabs
69060,Pagurus aleuticus,Aleutian hermit,93,Hermit crabs
69041,Pagurus armatus,blackeyed hermit,93,Hermit crabs
69087,Pagurus beringanus,Bering hermit,93,Hermit crabs
69042,Pagurus brandti,sponge hermit,93,Hermit crabs
69120,Pagurus capillatus,hairy hermit crab,93,Hermit crabs
69071,Pagurus caurinus,greenmark hermit,93,Hermit crabs
69070,Pagurus confragosus,knobbyhand hermit,93,Hermit crabs
69080,Pagurus cornutus,hornyhand hermit,93,Hermit crabs
69082,Pagurus dalli,whiteknee hermit,93,Hermit crabs
69085,Pagurus kennerlyi,bluespine hermit,93,Hermit crabs
69090,Pagurus ochotensis,Alaskan hermit,93,Hermit crabs
69095,Pagurus rathbuni,longfinger hermit,93,Hermit crabs
69097,Pagurus setosus,setose hermit,93,Hermit crabs
69035,Pagurus sp.,(blank),93,Hermit crabs
69096,Pagurus stevensae,Stevens hermit crab,93,Hermit crabs
69100,Pagurus tanneri,longhand hermit,93,Hermit crabs
69050,Pagurus townsendi,Townsend hermit crab,93,Hermit crabs
69086,Pagurus trigonocheirus,fuzzy hermit crab,93,Hermit crabs
21110,Clupea pallasi,Pacific herring,35,Herring
40035,Abietinaria greenei,bushy white hydroid,98,Hydroids
40036,Abietinaria sp. A (Clark 2006),white tangled hydroid,98,Hydroids
40028,Aglaophenia sp.,(blank),98,Hydroids
40013,Bonneviella sp.,(blank),98,Hydroids
40009,Plumulariidae,plumulariid hydroids,98,Hydroids
40049,Sertulariidae,Sertulariid hydroid,98,Hydroids
95011,(blank),fluffy sponge,0,Invert unid
69310,Lithodes aequispinus,golden king crab,85,King Crab
69300,Lithodes couesi,scarlet king crab,85,King Crab
69290,Lithodes sp.,(blank),85,King Crab
69320,Paralithodes brevipes,Hanasaki king crab,85,King Crab
69325,Paralithodes californiensis,California king crab,85,King Crab
69322,Paralithodes camtschaticus,red king crab,85,King Crab
69323,Paralithodes platypus,blue king crab,85,King Crab
69330,Paralomis sp.,(blank),85,King Crab
69332,Paralomis sp. A (Clark 2006),spiny spider crab,85,King Crab
69333,Paralomis sp. B (Clark 2006),(blank),85,King Crab
21346,Hemilepidotus hemilepidotus,red Irish lord,70,Lg. Sculpins
21347,Hemilepidotus jordani,yellow Irish lord,70,Lg. Sculpins
21348,Hemilepidotus papilio,butterfly sculpin,70,Lg. Sculpins
21342,Hemilepidotus sp.,Irish lord,70,Lg. Sculpins
21344,Hemilepidotus spinosus,brown Irish lord,70,Lg. Sculpins
21345,Hemilepidotus zapus,longfin Irish lord,70,Lg. Sculpins
21420,Hemitripterus bolini,bigmouth sculpin,70,Lg. Sculpins
21371,Myoxocephalus jaok,plain sculpin,70,Lg. Sculpins
21370,Myoxocephalus polyacanthocephalus,great sculpin,70,Lg. Sculpins
21375,Myoxocephalus sp.,(blank),70,Lg. Sculpins
21368,Myoxocephalus verrucosus,warty sculpin,70,Lg. Sculpins
440,Raja rhina,longnose skate,50,Longnosed skate
441,Raja rhina egg case,longnose skate egg case,50,Longnosed skate
69285,Acantholithodes hispidus,fuzzy crab,86,Misc. crabs
69284,Acantholithodes sp.,(blank),86,Misc. crabs
68011,Cancer branneri,furrowed rock crab,86,Misc. crabs
68060,Cancer gracilis,graceful rock crab,86,Misc. crabs
68020,Cancer magister,Dungeness crab,86,Misc. crabs
68040,Cancer oregonensis,Oregon rock crab,86,Misc. crabs
68050,Cancer productus,red rock crab,86,Misc. crabs
68010,Cancer sp.,cancer crab unid.,86,Misc. crabs
68570,Chionoecetes angulatus,triangle Tanner crab,86,Misc. crabs
68580,Chionoecetes opilio,snow crab,86,Misc. crabs
68550,Chionoecetes tanneri,grooved Tanner crab,86,Misc. crabs
68520,Chorilia longipes,longhorned decorator crab,86,Misc. crabs
69329,Cryptolithodes sp.,(blank),86,Misc. crabs
69328,Cryptolithodes typicus,butterfly crab,86,Misc. crabs
69400,Erimacrus isenbeckii,horsehair crab,86,Misc. crabs
69550,Galatheidae,galatheid crab unid.,86,Misc. crabs
69316,Hapalogaster grebnitzkii,soft crab,86,Misc. crabs
68577,Hyas coarctatus,circumboreal toad crab,86,Misc. crabs
68578,Hyas lyratus,Pacific lyre crab,86,Misc. crabs
69520,Hyas sp.,(blank),86,Misc. crabs
69250,Lithodidae,stone crab unid.,86,Misc. crabs
69270,Lopholithodes foraminatus,box crab,86,Misc. crabs
69280,Lopholithodes mandtii,red box crab,86,Misc. crabs
69260,Lopholithodes sp.,box crab unid.,86,Misc. crabs
68500,Majidae,spider crabs unid.,86,Misc. crabs
69556,Munida quadrispina,pinchbug,86,Misc. crabs
68502,Oregonia bifurca,(blank),86,Misc. crabs
68510,Oregonia gracilis,graceful decorator crab,86,Misc. crabs
68501,Oregonia sp.,(blank),86,Misc. crabs
69318,Phyllolithodes papillosus,flatspine triangle crab,86,Misc. crabs
69319,Phyllolithodes sp.,(blank),86,Misc. crabs
68072,Pinnixa occidentalis,pea crab,86,Misc. crabs
69336,Placetron wosnessenskii,scaled crab,86,Misc. crabs
69531,Pugettia gracilis,graceful kelp crab,86,Misc. crabs
69532,Pugettia producta,(blank),86,Misc. crabs
69530,Pugettia sp.,kelp crab,86,Misc. crabs
69317,Rhinolithodes wosnessenskii,rhinoceros crab,86,Misc. crabs
68781,Telmessus cheiragonus,helmet crab,86,Misc. crabs
68065,Xanthidae,(blank),86,Misc. crabs
62050,Anuropus bathypelagica,(blank),94,Misc. Crustacean
65202,Balanus balanus,(blank),94,Misc. Crustacean
65203,Balanus evermanni,giant barnacle,94,Misc. Crustacean
65204,Balanus hesperius,crab barnacle,94,Misc. Crustacean
65206,Balanus nubilus,(blank),94,Misc. Crustacean
65205,Balanus rostratus,beaked barnacle,94,Misc. Crustacean
65201,Balanus sp.,(blank),94,Misc. Crustacean
65000,Cirripedia,(blank),94,Misc. Crustacean
69910,Colossendeis sp.,(blank),94,Misc. Crustacean
62000,Isopoda,isopod unid.,94,Misc. Crustacean
65102,Litoscalpellum ursum,(blank),94,Misc. Crustacean
62010,Livoneca sp.,(blank),94,Misc. Crustacean
69900,Pycnogonida,sea spider unid.,94,Misc. Crustacean
69930,Pycnogonum sp.,(blank),94,Misc. Crustacean
62025,Rocinella angusta,(blank),94,Misc. Crustacean
65211,Scalpellum columbiana,(blank),94,Misc. Crustacean
65210,Scalpellum cornutum,eared barnacle,94,Misc. Crustacean
65100,Thoracica,barnacle unid.,94,Misc. Crustacean
23657,Alepisaurus ferox,longnose lancetfish,56,Misc. fish deep
20110,Alepocephalus sp.,(blank),56,Misc. fish deep
20120,Alepocephalus tenebrosus,California slickhead,56,Misc. fish deep
22390,Allocyttus folletti,oxeye oreo,56,Misc. fish deep
22570,Anotopterus nikparini,North Pacific daggertooth,56,Misc. fish deep
23944,Aphanopus arigato,Pacific black scabbardfish,56,Misc. fish deep
21822,Argyropelecus sp.,(blank),56,Misc. fish deep
26053,Aristostomias scintillans,shining loosejaw,56,Misc. fish deep
22704,Avocettina infans,blackline snipe eel,56,Misc. fish deep
22703,Avocettina sp.,(blank),56,Misc. fish deep
23603,Benthalbella dentata,northern pearleye,56,Misc. fish deep
23602,Benthalbella sp.,(blank),56,Misc. fish deep
22901,Bertella idiomorpha,(blank),56,Misc. fish deep
22461,Caristius macropus,manefish,56,Misc. fish deep
20980,Ceratiidae,seadevils unid.,56,Misc. fish deep
21000,Chauliodontinae,viperfish unid.,56,Misc. fish deep
21010,Chauliodus macouni,Pacific viperfish,56,Misc. fish deep
28532,Howella sherborni,Sherborn's cardinalfish,56,Misc. fish deep
22010,Icosteus aenigmaticus,ragfish,56,Misc. fish deep
22955,Lestidiops ringens,slender barracudina,56,Misc. fish deep
23962,Macropinna microstoma,barreleye,56,Misc. fish deep
22952,Magnisudis atlantica,duckbill barracudina,56,Misc. fish deep
26050,Malacosteinae,loosejaw unid.,56,Misc. fish deep
22320,Melamphaes lugubris,highsnout bigscale,56,Misc. fish deep
22300,Melamphaidae,bigscale unid.,56,Misc. fish deep
22400,Melanostomiinae,scaleless dragonfish unid.,56,Misc. fish deep
22701,Nemichthyidae,snipe eel unid.,56,Misc. fish deep
22702,Nemichthys scolopaceus,slender snipe eel,56,Misc. fish deep
22913,Oneirodes acanthias,spiny dreamer,56,Misc. fish deep
22914,Oneirodes bulbosus,hairy-lure dreamer,56,Misc. fish deep
22912,Oneirodes sp.,(blank),56,Misc. fish deep
22915,Oneirodes thompsoni,(blank),56,Misc. fish deep
22900,Oneirodidae,dreamer unid.,56,Misc. fish deep
23958,Opisthoproctidae,spookfish unid.,56,Misc. fish deep
22951,Paralepididae,barracudina unid.,56,Misc. fish deep
22311,Poromitra cristiceps,(blank),56,Misc. fish deep
22310,Poromitra curilensis (=crassiceps),crested bigscale,56,Misc. fish deep
20130,Rouleina attrita,softskin slickhead,56,Misc. fish deep
23710,Sagamichthys abei,shining tubeshoulder,56,Misc. fish deep
23622,Scopelosaurus adleri,Adler's waryfish,56,Misc. fish deep
23620,Scopelosaurus harryi,scaly paperbone,56,Misc. fish deep
22410,Tactostoma macropus,longfin dragonfish,56,Misc. fish deep
20000,Agonidae,poacher unid.,72,Misc. fish shallow
20015,Agonopsis vulsa,northern spearnose poacher,72,Misc. fish shallow
22270,Allocareproctus sp.,(blank),72,Misc. fish shallow
22274,Allocareproctus unangas,goldeneye snailfish,72,Misc. fish shallow
20322,Anarhichas orientalis,Bering wolffish,72,Misc. fish shallow
20320,Anarrhichthys ocellatus,wolf-eel,72,Misc. fish shallow
20055,Anoplagonus inermis,smooth alligatorfish,72,Misc. fish shallow
22175,Aptocyclus ventricosus,smooth lumpsucker,72,Misc. fish shallow
20050,Aspidophoroides bartoni,Aleutian alligatorfish,72,Misc. fish shallow
20035,Bathyagonus alascanus,gray starsnout,72,Misc. fish shallow
20036,Bathyagonus infraspinatus,spinycheek starsnout,72,Misc. fish shallow
20038,Bathyagonus nigripinnis,blackfin poacher,72,Misc. fish shallow
20037,Bathyagonus pentacanthus,bigeye poacher,72,Misc. fish shallow
20034,Bathyagonus sp.,starsnout poacher unid.,72,Misc. fish shallow
20712,Bathymaster caeruleofasciatus,Alaskan ronquil,72,Misc. fish shallow
20713,Bathymaster leurolepis,smallmouth ronquil,72,Misc. fish shallow
20720,Bathymaster signatus,searcher,72,Misc. fish shallow
20700,Bathymasteridae,ronquil unid.,72,Misc. fish shallow
22240,Careproctus candidus,bigeye snailfish,72,Misc. fish shallow
22235,Careproctus colletti,Alaska snailfish,72,Misc. fish shallow
22246,Careproctus comus,comic snailfish,72,Misc. fish shallow
22228,Careproctus cypselurus,blackfin snailfish,72,Misc. fish shallow
22229,Careproctus furcellus,emarginate snailfish,72,Misc. fish shallow
22233,Careproctus gilberti,smalldisk snailfish,72,Misc. fish shallow
22220,Careproctus melanurus,blacktail snailfish,72,Misc. fish shallow
22251,Careproctus ostentum,microdisk snailfish,72,Misc. fish shallow
22226,Careproctus phasma,monster snailfish,72,Misc. fish shallow
22236,Careproctus rastrinus,salmon snailfish,72,Misc. fish shallow
22219,Careproctus sp.,(blank),72,Misc. fish shallow
22234,Careproctus sp. cf. gilberti (Orr),dominator snailfish,72,Misc. fish shallow
22258,Careproctus sp. cf. rastrinus (Orr et al.),(blank),72,Misc. fish shallow
23791,Cryptacanthodes aleutensis,dwarf wrymouth,72,Misc. fish shallow
23792,Cryptacanthodes giganteus,giant wrymouth,72,Misc. fish shallow
22206,Crystallichthys cyclospilus,blotched snailfish,72,Misc. fish shallow
22170,Cyclopteridae,lumpsucker unid.,72,Misc. fish shallow
22215,Elassodiscus caudatus,humpback snailfish,72,Misc. fish shallow
22214,Elassodiscus sp.,(blank),72,Misc. fish shallow
22216,Elassodiscus tremebundus,blacklip snailfish,72,Misc. fish shallow
21735,Eleginus gracilis,saffron cod,72,Misc. fish shallow
22182,Eumicrotremus andriashevi,pimpled lumpsucker,72,Misc. fish shallow
22184,Eumicrotremus barbatus,papillose lumpsucker,72,Misc. fish shallow
22177,Eumicrotremus birulai,round lumpsucker,72,Misc. fish shallow
22180,Eumicrotremus gyrinops,Alaskan lumpsucker,72,Misc. fish shallow
22178,Eumicrotremus orbis,Pacific spiny lumpsucker,72,Misc. fish shallow
22190,Eumicrotremus phrynoides,toad lumpsucker,72,Misc. fish shallow
22183,Eumicrotremus sp.,spiny lumpsuckers,72,Misc. fish shallow
21752,Gasterosteus aculeatus,threespine stickleback,72,Misc. fish shallow
21770,Gobiidae,goby unid.,72,Misc. fish shallow
20071,Hypsagonus quadricornis,fourhorn poacher,72,Misc. fish shallow
21,Lampetra tridentata,Pacific lamprey,72,Misc. fish shallow
20006,Leptagonus frenatus,sawback poacher,72,Misc. fish shallow
20005,Leptagonus leptorhynchus,longnose poacher,72,Misc. fish shallow
20004,Leptagonus sp.,(blank),72,Misc. fish shallow
22176,Lethotremus muticus,docked snailfish,72,Misc. fish shallow
22173,Lethotremus sp.,(blank),72,Misc. fish shallow
22200,Liparidae,snailfish unid.,72,Misc. fish shallow
22204,Liparis dennyi,marbled snailfish,72,Misc. fish shallow
22205,Liparis gibbus,variegated snailfish,72,Misc. fish shallow
22210,Liparis ochotensis,Okhotsk snailfish,72,Misc. fish shallow
22208,Liparis pulchellus,showy snailfish,72,Misc. fish shallow
22201,Liparis sp.,(blank),72,Misc. fish shallow
21710,Microgadus proximus,Pacific tomcod,72,Misc. fish shallow
22255,Nectoliparis pelagicus,tadpole snailfish,72,Misc. fish shallow
20018,Odontopyxis trispinosa,pygmy poacher,72,Misc. fish shallow
22279,Paraliparis adustus,brown snailfish,72,Misc. fish shallow
22244,Paraliparis cephalus,swellhead snailfish,72,Misc. fish shallow
22241,Paraliparis dactylosus,red snailfish,72,Misc. fish shallow
22243,Paraliparis deani,prickly snailfish,72,Misc. fish shallow
22284,Paraliparis holomelas,ebony snailfish,72,Misc. fish shallow
22249,Paraliparis pectoralis,pectoral snailfish,72,Misc. fish shallow
22250,Paraliparis sp.,(blank),72,Misc. fish shallow
22276,Paraliparis sp. cf. dactylosus (Orr and Baldwin),(blank),72,Misc. fish shallow
22231,Paraliparis ulochir,broadfin snailfish,72,Misc. fish shallow
10,Petromyzontidae,lamprey unid.,72,Misc. fish shallow
20040,Podothecus accipenserinus,sturgeon poacher,72,Misc. fish shallow
20041,Podothecus veternus,veteran poacher,72,Misc. fish shallow
22262,Rhinoliparis attenuatus,slim snailfish,72,Misc. fish shallow
20702,Ronquilus jordani,northern ronquil,72,Misc. fish shallow
23932,Trachipterus altivelis,king-of-the-salmon,72,Misc. fish shallow
20022,Xeneretmus leiops,smootheye poacher,72,Misc. fish shallow
24001,Zaprora silenus,prowfish,72,Misc. fish shallow
10010,Citharichthys sordidus,Pacific sanddab,48,Misc. Flatfish
10020,Citharichthys stigmaeus,speckled sanddab,48,Misc. Flatfish
10190,Embassichthys bathybius,deepsea sole,48,Misc. Flatfish
10160,Eopsetta jordani,petrale sole,48,Misc. Flatfish
10270,Isopsetta isolepis,butter sole,48,Misc. Flatfish
10150,Lyopsetta exilis,slender sole,48,Misc. Flatfish
10170,Parophrys vetulus,English sole,48,Misc. Flatfish
10220,Platichthys stellatus,starry flounder,48,Misc. Flatfish
10221,Platichthys stellatus X Pleuronectes quadrituberculatus hybrid,hybrid starry flounder X Alaska plaice,48,Misc. Flatfish
10280,Pleuronichthys decurrens,curlfin sole,48,Misc. Flatfish
10250,Psettichthys melanostictus,sand sole,48,Misc. Flatfish
95010,(blank),bryozoan sp. A unid.,104,Misc. worms 
92400,Acoelida,acoel turbellarian,104,Misc. worms 
95036,Alcyonidium pedunculatum,(blank),104,Misc. worms 
95038,Alcyonidium sp.,(blank),104,Misc. worms 
95037,Alcyonidium sp. A,medusa bryozoan,104,Misc. worms 
97000,Brachiopoda,lampshell unid.,104,Misc. worms 
95000,Bryozoa,bryozoan unid.,104,Misc. worms 
95017,Bugula pacifica,(blank),104,Misc. worms 
95080,Celleporina ventricosa,coral bryozoan,104,Misc. worms 
92802,Cerebratulus californienesis,(blank),104,Misc. worms 
95105,Dendrobeania sp.,(blank),104,Misc. worms 
94500,Echiura,echiuroid worm unid.,104,Misc. worms 
92502,Emplectonema sp.,(blank),104,Misc. worms 
92505,Emplectonema sp. (Clark 2006),black specked ribbon worm,104,Misc. worms 
95060,Escharopsis sarsi,(blank),104,Misc. worms 
95020,Eucratea loricata,feathery bryozoan,104,Misc. worms 
95030,Flustra serrulata,leafy bryozoan,104,Misc. worms 
95035,Flustrellidra corniculata,(blank),104,Misc. worms 
97111,Frieleia halli,(blank),104,Misc. worms 
97120,Hemithiris psittacea,black brachiopod,104,Misc. worms 
95071,Hippoporina insculpta,(blank),104,Misc. worms 
59100,Hirudinea,leech unid.,104,Misc. worms 
97116,Laqueus californianus,California lamp shell,104,Misc. worms 
97117,Laqueus vancouverensis,Vancouver lampshell,104,Misc. worms 
95100,Microporina articulata,(blank),104,Misc. worms 
95102,Microporina sp.,(blank),104,Misc. worms 
95006,Myriapora orientalis,(blank),104,Misc. worms 
95040,Myriapora subgracilis,(blank),104,Misc. worms 
93500,Nematoda,nematode worm unid.,104,Misc. worms 
92500,Nemertea,nemertean worm unid.,104,Misc. worms 
59120,Notostomobdella sp.,(blank),104,Misc. worms 
59111,Notostomum cyclostomum,striped sea leech,104,Misc. worms 
59110,Notostomum sp.,(blank),104,Misc. worms 
94011,Phascolosomatidae,(blank),104,Misc. worms 
95015,Phidolopora pacifica,lattice-work bryozoan,104,Misc. worms 
92000,Platyhelminthes,flatworm unid.,104,Misc. worms 
92021,Polycladida,polyclad flatworm unid.,104,Misc. worms 
95050,Porella compressa,flattened bryozoan,104,Misc. worms 
95070,Rhamphostomella costata,ribbed bryozoan,104,Misc. worms 
94000,Sipuncula,peanut worm unid.,104,Misc. worms 
97110,Terebratalia transversa,common brachiopod,104,Misc. worms 
97100,Terebratulina sp.,(blank),104,Misc. worms 
97115,Terebratulina unguicula,snakeshead brachiopod,104,Misc. worms 
92512,Tubulanus sp. A (Clark 2006),(blank),104,Misc. worms 
22609,Diaphus sp.,(blank),78,Myctophidae
22610,Diaphus theta,California headlightfish,78,Myctophidae
22625,Lampanyctus jordani,brokenline lampfish,78,Myctophidae
22620,Lampanyctus sp.,(blank),78,Myctophidae
22600,Myctophidae,lanternfish unid.,78,Myctophidae
22624,Nannobrachium regale,pinpoint lampfish,78,Myctophidae
22623,Nannobrachium ritteri,broadfin lanternfish,78,Myctophidae
22648,Protomyctophum sp.,(blank),78,Myctophidae
22649,Protomyctophum thompsoni,northern flashlightfish,78,Myctophidae
22602,Stenobrachius leucopsarus,northern lampfish,78,Myctophidae
22603,Stenobrachius nannochir,garnet lampfish,78,Myctophidae
22601,Stenobrachius sp.,(blank),78,Myctophidae
22651,Tarletonbeania crenularis,blue lanternfish,78,Myctophidae
64000,Mysida,opossum shrimps,109,Mysids
64011,Neognathophausia gigas,giant red mysid,109,Mysids
64012,Neognathophausia ingens,red mysid,109,Mysids
64010,Neognathophausia sp.,(blank),109,Mysids
30420,Sebastes polyspinis,northern rockfish,60,Northern Rock
66575,Argis alaskensis,common argid,88,NP shrimp
66612,Argis crassa,rough argid,88,NP shrimp
66580,Argis dentata,Arctic argid,88,NP shrimp
66611,Argis lar,kuro argid,88,NP shrimp
66613,Argis levior,Nelson's argid,88,NP shrimp
66614,Argis ovifer,split-eye argid,88,NP shrimp
66570,Argis sp.,(blank),88,NP shrimp
66510,Crangon abyssorum,abyssal Crangon,88,NP shrimp
66512,Crangon alaskensis,shell shrimp,88,NP shrimp
66515,Crangon communis,twospine crangon,88,NP shrimp
66530,Crangon dalli,ridged crangon,88,NP shrimp
66517,Crangon franciscorum,California bay shrimp,88,NP shrimp
66548,Crangon septemspinosa,sevenspine bay shrimp,88,NP shrimp
66502,Crangon sp.,(blank),88,NP shrimp
66500,Crangonidae,crangonid shrimp unid.,88,NP shrimp
66171,Eualus barbatus,barbed eualid,88,NP shrimp
66190,Eualus biunguis,deepsea eualid,88,NP shrimp
66175,Eualus gaimardii,(blank),88,NP shrimp
66179,Eualus macilentus,Greenland shrimp,88,NP shrimp
66180,Eualus macrophthalmus,bigeye eualid,88,NP shrimp
66170,Eualus sp.,(blank),88,NP shrimp
66193,Eualus suckleyi,shortscale eualid,88,NP shrimp
66173,Eualus townsendi,Townsend eualid,88,NP shrimp
66150,Hippolytidae,hippolytid shrimp unid.,88,NP shrimp
66840,Hymenodora frontalis,Pacific ambereye,88,NP shrimp
66203,Lebbeus groenlandicus,spiny lebbeid,88,NP shrimp
66200,Lebbeus sp.,(blank),88,NP shrimp
66535,Metacrangon variabilis,deepsea spinyhead,88,NP shrimp
66815,Notostomus japonicus,spinyridge shrimp,88,NP shrimp
66615,Paracrangon echinata,horned shrimp,88,NP shrimp
66770,Pasiphaea pacifica,Pacific glass shrimp,88,NP shrimp
66772,Pasiphaea tarda,crimson pasiphaeid,88,NP shrimp
66750,Pasiphaeidae,pasiphaeid shrimp unid.,88,NP shrimp
66140,Penaeidae,penaeid shrimp unid.,88,NP shrimp
66604,Rhynocrangon sharpi,(blank),88,NP shrimp
66601,Sclerocrangon boreas,sculptured shrimp,88,NP shrimp
66005,Sergestes similis,Pacific sergestid,88,NP shrimp
66004,Sergestes sp.,(blank),88,NP shrimp
66003,Sergestidae,sergestid shrimp unid.,88,NP shrimp
66163,Spirontocaris lamellicornis,(blank),88,NP shrimp
78012,Benthoctopus leioderma,smoothskin octopus,73,Octopi 
78455,Benthoctopus oregonensis,(blank),73,Octopi 
78452,Benthoctopus sp.,(blank),73,Octopi 
78000,Cephalopoda,cephalopod unid.,0,Octopi 
78403,Enteroctopus dofleini,giant octopus,73,Octopi 
78022,Japetella diaphana,(blank),73,Octopi 
78023,Japetella sp.,(blank),73,Octopi 
78010,Octopodidae,octopus unid.,73,Octopi 
78210,Octopus californicus,North Pacific bigeye octopus,73,Octopi 
78404,Octopus rubescens,(blank),73,Octopi 
78020,Octopus sp.,(blank),73,Octopi 
78030,Opisthoteuthis californiana,flapjack devilfish,73,Octopi 
78502,Vampyroteuthis infernalis,vampire squid,73,Octopi 
23809,Acantholumpenus mackayi,pighead prickleback,82,Oth. managed forage
23861,Bryozoichthys lysimus,nutcracker prickleback,82,Oth. managed forage
23862,Bryozoichthys marjorius,pearly prickleback,82,Oth. managed forage
23841,Chirolophis decoratus,decorated warbonnet,82,Oth. managed forage
23843,Chirolophis snyderi,bearded warbonnet,82,Oth. managed forage
23840,Chirolophis sp.,(blank),82,Oth. managed forage
23844,Chirolophis tarsodes,matcheek warbonnet,82,Oth. managed forage
21810,Cyclothone sp.,(blank),82,Oth. managed forage
21800,Gonostomatidae,bristlemouth unid.,82,Oth. managed forage
23836,Lumpenella longirostris,longsnout prickleback,82,Oth. managed forage
23807,Lumpenus fabricii,slender eelblenny,82,Oth. managed forage
23805,Lumpenus maculatus,daubed shanny,82,Oth. managed forage
23806,Lumpenus medius,stout eelblenny,82,Oth. managed forage
23808,Lumpenus sagitta,snake prickleback,82,Oth. managed forage
23801,Lumpenus sp.,(blank),82,Oth. managed forage
23871,Pholidae,gunnel unid.,82,Oth. managed forage
23873,Pholis laeta,crescent gunnel,82,Oth. managed forage
23850,Poroclinus rothrocki,whitebarred prickleback,82,Oth. managed forage
21805,Sigmops gracilis,slender fangjaw,82,Oth. managed forage
23800,Stichaeidae,prickleback unid.,82,Oth. managed forage
23804,Stichaeus punctatus,Arctic shanny,82,Oth. managed forage
21592,Trichodon trichodon,Pacific sandfish,82,Oth. managed forage
20573,Argentina sialis,Pacific argentine,83,Oth. pelagic smelt
20571,Argentinidae,argentine unid.,83,Oth. pelagic smelt
23562,Cololabis saira,Pacific saury,83,Oth. pelagic smelt
23020,Hypomesus pretiosus,surf smelt,83,Oth. pelagic smelt
20572,Nansenia candida,bluethroat argentine,83,Oth. pelagic smelt
23055,Osmerus mordax,rainbow smelt,83,Oth. pelagic smelt
21130,Sardinops sagax,Pacific sardine,83,Oth. pelagic smelt
23060,Spirinchus starksi,night smelt,83,Oth. pelagic smelt
23061,Spirinchus thaleichthys,longfin smelt,83,Oth. pelagic smelt
21359,Archistes biseriatus,scaled sculpin,71,Other sculpins
21331,Artediellus sp.,(blank),71,Other sculpins
21363,Artedius lateralis,smoothhead sculpin,71,Other sculpins
21397,Blepsias bilobus,crested sculpin,71,Other sculpins
21337,Bolinia euryptera,broadfin sculpin,71,Other sculpins
21366,Chitonotus pugetensis,roughback sculpin,71,Other sculpins
21300,Cottidae,sculpin unid.,71,Other sculpins
21390,Dasycottus setiger,spinyhead sculpin,71,Other sculpins
21386,Enophrys bison,buffalo sculpin,71,Other sculpins
21388,Enophrys diceraus,antlered sculpin,71,Other sculpins
21423,Eurymen gyrinus,smoothcheek sculpin,71,Other sculpins
21383,Gilbertidia sigalutes,soft sculpin,71,Other sculpins
21316,Gymnocanthus galeatus,armorhead sculpin,71,Other sculpins
21314,Gymnocanthus pistilliger,threaded sculpin,71,Other sculpins
21313,Gymnocanthus sp.,(blank),71,Other sculpins
21315,Gymnocanthus tricuspis,Arctic staghorn sculpin,71,Other sculpins
21311,Icelinus borealis,northern sculpin,71,Other sculpins
21437,Icelinus burchami,dusky sculpin,71,Other sculpins
21310,Icelinus filamentosus,threadfin sculpin,71,Other sculpins
21307,Icelinus sp.,(blank),71,Other sculpins
21312,Icelinus tenuis,spotfin sculpin,71,Other sculpins
21440,Icelus euryops,wide-eye sculpin,71,Other sculpins
21446,Icelus sp.,(blank),71,Other sculpins
21441,Icelus spatula,spatulate sculpin,71,Other sculpins
21438,Icelus spiniger,thorny sculpin,71,Other sculpins
21443,Icelus uncinalis,uncinate sculpin,71,Other sculpins
21445,Jordania zonope,longfin sculpin,71,Other sculpins
21380,Leptocottus armatus,Pacific staghorn sculpin,71,Other sculpins
21338,Malacocottus aleuticus,whitetail sculpin,71,Other sculpins
21339,Malacocottus sp.,(blank),71,Other sculpins
21341,Malacocottus zonurus,darkfin sculpin,71,Other sculpins
21377,Myoxocephalus quadricornis,fourhorn sculpin,71,Other sculpins
21406,Nautichthys oculofasciatus,sailfin sculpin,71,Other sculpins
21405,Nautichthys pribilovius,eyeshade sculpin,71,Other sculpins
21447,Paricelinus hopliticus,thornback sculpin,71,Other sculpins
21394,Psychrolutes paradoxus,tadpole sculpin,71,Other sculpins
21395,Psychrolutes phrictus,blob sculpin,71,Other sculpins
21393,Psychrolutes sp.,(blank),71,Other sculpins
21320,Radulinus asprellus,slim sculpin,71,Other sculpins
21444,Rastrinus scutiger,roughskin sculpin,71,Other sculpins
21415,Rhamphocottus richardsoni,grunt sculpin,71,Other sculpins
21308,Thyriscus anoplus,sponge sculpin,71,Other sculpins
21352,Triglops forficata,scissortail sculpin,71,Other sculpins
21356,Triglops macellus,roughspine sculpin,71,Other sculpins
21353,Triglops metopias,highbrow sculpin,71,Other sculpins
21355,Triglops pingeli,ribbed sculpin,71,Other sculpins
21354,Triglops scepticus,spectacled sculpin,71,Other sculpins
21350,Triglops sp.,(blank),71,Other sculpins
21429,Triglops xenostethus,scalybreasted sculpin,71,Other sculpins
30590,(blank),red rockfish unid.,66,Other Sebastes
30630,Sebastes (Sebastomus) sp.,white spotted red rockfish unid.,66,Other Sebastes
30090,Sebastes aurora,aurora rockfish,66,Other Sebastes
30475,Sebastes babcocki,redbanded rockfish,66,Other Sebastes
30100,Sebastes brevispinis,silvergray rockfish,66,Other Sebastes
30120,Sebastes caurinus,copper rockfish,66,Other Sebastes
30170,Sebastes crameri,darkblotched rockfish,66,Other Sebastes
30190,Sebastes diploproa,splitnose rockfish,66,Other Sebastes
30200,Sebastes elongatus,greenstriped rockfish,66,Other Sebastes
30210,Sebastes emphaeus,Puget Sound rockfish,66,Other Sebastes
30220,Sebastes entomelas,widow rockfish,66,Other Sebastes
30240,Sebastes flavidus,yellowtail rockfish,66,Other Sebastes
30270,Sebastes helvomaculatus,rosethorn rockfish,66,Other Sebastes
30320,Sebastes maliger,quillback rockfish,66,Other Sebastes
30330,Sebastes melanops,black rockfish,66,Other Sebastes
30340,Sebastes melanostomus,blackgill rockfish,66,Other Sebastes
30350,Sebastes miniatus,vermilion rockfish,66,Other Sebastes
30360,Sebastes mystinus,blue rockfish,66,Other Sebastes
30380,Sebastes nigrocinctus,tiger rockfish,66,Other Sebastes
30400,Sebastes paucispinis,bocaccio,66,Other Sebastes
30410,Sebastes pinniger,canary rockfish,66,Other Sebastes
30430,Sebastes proriger,redstripe rockfish,66,Other Sebastes
30600,Sebastes reedi,yellowmouth rockfish,66,Other Sebastes
30470,Sebastes ruberrimus,yelloweye rockfish,66,Other Sebastes
30575,Sebastes rufus,bank rockfish,66,Other Sebastes
30490,Sebastes saxicola,stripetail rockfish,66,Other Sebastes
30510,Sebastes serranoides,olive rockfish,66,Other Sebastes
30040,Sebastes sp.,rockfish unid.,66,Other Sebastes
30535,Sebastes variegatus,harlequin rockfish,66,Other Sebastes
30550,Sebastes wilsoni,pygmy rockfish,66,Other Sebastes
30030,Sebastolobus altivelis,longspine thornyhead,66,Other Sebastes
30025,Sebastolobus macrochir,broadfin thornyhead,66,Other Sebastes
30010,Sebastolobus sp.,thornyhead unid.,66,Other Sebastes
401,(blank),skate egg case unid.,49,Other skates
410,Bathyraja abyssicola,deepsea skate,49,Other skates
472,Bathyraja aleutica,Aleutian skate,49,Other skates
473,Bathyraja aleutica egg case,Aleutian skate egg case,49,Other skates
435,Bathyraja interrupta,Bering skate,49,Other skates
436,Bathyraja interrupta egg case,(blank),49,Other skates
475,Bathyraja lindbergi,Commander skate,49,Other skates
480,Bathyraja maculata,whiteblotched skate,49,Other skates
481,Bathyraja maculata egg case,whiteblotched skate egg case,49,Other skates
483,Bathyraja mariposa,butterfly skate,49,Other skates
484,Bathyraja mariposa egg case,Butterfly skate egg case,49,Other skates
485,Bathyraja minispinosa,whitebrow skate,49,Other skates
486,Bathyraja minispinosa egg case,whitebrow skate egg case,49,Other skates
471,Bathyraja parmifera,Alaska skate,49,Other skates
474,Bathyraja parmifera egg case,Alaska skate egg case,49,Other skates
405,Bathyraja sp.,(blank),49,Other skates
402,Bathyraja sp. egg case,(blank),49,Other skates
455,Bathyraja taranetzi,mud skate,49,Other skates
456,Bathyraja taranetzi egg case,mud skate egg case,49,Other skates
460,Bathyraja trachura,roughtail skate,49,Other skates
461,Bathyraja trachura egg case,(blank),49,Other skates
404,Raja sp.,(blank),49,Other skates
403,Raja sp. egg case,(blank),49,Other skates
450,Raja stellulata,starry skate,49,Other skates
400,Rajidae,skate unid.,49,Other skates
21720,Gadus macrocephalus,Pacific cod,33,P. Cod
10120,Hippoglossus stenolepis,Pacific halibut,39,P. Halibut
66019,Pandalidae,pandalid shrimp unid.,87,Pandalidae
66130,Pandalopsis ampla,(blank),87,Pandalidae
66120,Pandalopsis dispar,sidestripe shrimp,87,Pandalidae
66061,Pandalopsis longirostris,(blank),87,Pandalidae
66059,Pandalopsis sp.,(blank),87,Pandalidae
66025,Pandalus danae,dock shrimp,87,Pandalidae
66031,Pandalus eous,Alaskan pink shrimp,87,Pandalidae
66045,Pandalus goniurus,humpy shrimp,87,Pandalidae
66050,Pandalus hypsinotus,coonstripe shrimp,87,Pandalidae
66030,Pandalus jordani,ocean shrimp,87,Pandalidae
66040,Pandalus platyceros,spot shrimp,87,Pandalidae
66020,Pandalus sp.,(blank),87,Pandalidae
66055,Pandalus stenolepis,roughpatch shrimp,87,Pandalidae
66033,Pandalus tridens,yellowleg pandalid,87,Pandalidae
50010,(blank),tube worm unid.,103,Polychaetes
59000,(blank),bristle worm unid.,103,Polychaetes
50192,Aphrodita negligens,(blank),103,Polychaetes
50161,Aphrodita sp.,(blank),103,Polychaetes
50160,Aphroditidae,sea mouse unid.,103,Polychaetes
50013,Chaetopterus sp.,(blank),103,Polychaetes
54030,Cheilonereis cyclurus,(blank),103,Polychaetes
50005,Eunice valens,(blank),103,Polychaetes
56312,Eunoe depressa,depressed scale worm,103,Polychaetes
56311,Eunoe nodosa,giant scale worm,103,Polychaetes
56310,Eunoe sp.,(blank),103,Polychaetes
50205,Euphrosine multibranchiata,(blank),103,Polychaetes
56321,Gattyana ciliata,(blank),103,Polychaetes
52715,Glycera sp.,(blank),103,Polychaetes
50201,Halosydna brevisetosa,(blank),103,Polychaetes
54000,Nereididae,(blank),103,Polychaetes
54010,Nereis sp.,(blank),103,Polychaetes
50215,Onuphis conchylega,gravel tube worm,103,Polychaetes
50000,Polychaeta,polychaete worm unid.,103,Polychaetes
56300,Polynoidae,scale worm unid.,103,Polychaetes
57000,Sabellidae,sabellid unid.,103,Polychaetes
57411,Serpula columbiana,(blank),103,Polychaetes
57412,Serpula sp.,(blank),103,Polychaetes
57410,Serpula vermicularis,(blank),103,Polychaetes
57409,Serpulidae,serpulid worm,103,Polychaetes
50021,Spinther sp. A (Clark 2006),(blank),103,Polychaetes
50221,Travisia pupa,(blank),103,Polychaetes
30060,Sebastes alutus,Pacific ocean perch,58,POP
10200,Glyptocephalus zachirus,rex sole,47,Rex Sole
30050,(blank),rougheye and blackspotted rockfish unid.,63,Rougheye Rock
30051,Sebastes aleutianus,rougheye rockfish,63,Rougheye Rock
30052,Sebastes melanostictus,blackspotted rockfish,63,Rougheye Rock
10262,Lepidopsetta bilineata,southern rock sole,44,S. Rock sole
10261,Lepidopsetta polyxystra,northern rock sole,44,S. Rock sole
10260,Lepidopsetta sp.,rock sole unid.,44,S. Rock sole
20510,Anoplopoma fimbria,sablefish,53,Sablefish
23230,Oncorhynchus gorbuscha,pink salmon,75,Salmon returning
23235,Oncorhynchus keta,chum salmon,75,Salmon returning
23225,Oncorhynchus kisutch,coho salmon,75,Salmon returning
23240,Oncorhynchus nerka,sockeye salmon,75,Salmon returning
23202,Oncorhynchus sp.,salmon unid.,75,Salmon returning
23220,Oncorhynchus tshawytscha,chinook salmon,75,Salmon returning
23201,Salmonidae,salmon and trouts unid.,75,Salmon returning
23252,Salvelinus malma,Dolly Varden,75,Salmon returning
232,Lamna ditropis,salmon shark,28,Salmon shark
20203,Ammodytes hexapterus,Arctic sand lance,80,Sandlance
20204,Ammodytes personatus,Pacific sand lance,80,Sandlance
20202,Ammodytes sp.,sand lance unid.,80,Sandlance
40506,Aequorea sp.,(blank),105,Scyphozoid Jellies
40510,Atolla sp.,(blank),105,Scyphozoid Jellies
40513,Aurelia aurita,(blank),105,Scyphozoid Jellies
40512,Aurelia labiata,(blank),105,Scyphozoid Jellies
40520,Aurelia limbata,brown rimmed jelly,105,Scyphozoid Jellies
40511,Aurelia sp.,(blank),105,Scyphozoid Jellies
40515,Chrysaora fuscescens,sea nettle,105,Scyphozoid Jellies
40504,Chrysaora melanaster,(blank),105,Scyphozoid Jellies
40501,Chrysaora sp.,chrysaora jellyfish,105,Scyphozoid Jellies
40561,Cyanea capillata,lion's mane,105,Scyphozoid Jellies
40560,Cyanea sp.,(blank),105,Scyphozoid Jellies
40061,Neoturris breviconis,blob-top jelly,105,Scyphozoid Jellies
40503,Periphylla periphylla,helmet jelly,105,Scyphozoid Jellies
40502,Periphylla sp.,(blank),105,Scyphozoid Jellies
40505,Phacellophora camtschatica,egg yolk jelly,105,Scyphozoid Jellies
40500,Scyphozoa,jellyfish unid.,105,Scyphozoid Jellies
42020,Anthoptilum grandiflorum,(blank),100,Sea Pens
42021,Anthoptilum murrayi,Murray sea pen,100,Sea Pens
42006,Balticina sp.,(blank),100,Sea Pens
42013,Halipteris californica,(blank),100,Sea Pens
42010,Halipteris finmarchia,(blank),100,Sea Pens
42008,Halipteris sp.,(blank),100,Sea Pens
42009,Halipteris sp. A (Stone 2015),maroon sea whip,100,Sea Pens
42012,Halipteris willemoesi,(blank),100,Sea Pens
42015,Ombellula sp.,(blank),100,Sea Pens
42000,Pennatulacea,sea pen or sea whip unid.,100,Sea Pens
42007,Protoptilum sp.,(blank),100,Sea Pens
42017,Ptilosarcus gurneyi,orange sea pen,100,Sea Pens
42004,Stylatula sp.,slender seawhips,100,Sea Pens
42001,Virgularia sp.,smoothstem seawhip,100,Sea Pens
42003,Virgulariidae,sea whip unid.,100,Sea Pens
80182,Ampheraster marianus,(blank),89,Sea stars
81742,Asterias amurensis,purple-orange sea star,89,Sea stars
81741,Asterias sp.,(blank),89,Sea stars
80000,Asteroidea,sea star unid.,89,Sea stars
82001,Brisingella exilis,(blank),89,Sea stars
82002,Brisingella sp.,(blank),89,Sea stars
82003,Brisingidae,brisingid sea star,89,Sea stars
80731,Ceramaster arcticus,Arctic bat sea star,89,Sea stars
80732,Ceramaster clarki,(blank),89,Sea stars
80729,Ceramaster japonicus,red bat star,89,Sea stars
80730,Ceramaster patagonicus,orange bat sea star,89,Sea stars
80728,Ceramaster sp.,(blank),89,Sea stars
80733,Ceramaster stellatus,(blank),89,Sea stars
81910,Cheiraster dawsoni,fragile sea star,89,Sea stars
81908,Cheiraster sp.,(blank),89,Sea stars
81909,Cheiraster sp. A (Clark 2006),Aleutian fragile sea star,89,Sea stars
81840,Cladaster validus,(blank),89,Sea stars
81092,Crossaster borealis,grooved sea star,89,Sea stars
81095,Crossaster papposus,rose sea star,89,Sea stars
81090,Crossaster sp.,(blank),89,Sea stars
81094,Crossaster sp. B (Clark),pink rose star,89,Sea stars
80670,Cryptopeltaster lepidonotus,(blank),89,Sea stars
81780,Ctenodiscus crispatus,common mud star,89,Sea stars
81779,Ctenodiscus sp.,(blank),89,Sea stars
80910,Dermasterias imbricata,leather sea star,89,Sea stars
81360,Diplopteraster multipes,pincushion sea star,89,Sea stars
81361,Diplopteraster sp.,(blank),89,Sea stars
81870,Dipsacaster borealis,northern sea star,89,Sea stars
81875,Dipsacaster eximus,(blank),89,Sea stars
81850,Dipsacaster sp.,(blank),89,Sea stars
80020,Evasterias echinosoma,giant sea star,89,Sea stars
80012,Evasterias retifera,(blank),89,Sea stars
80010,Evasterias sp.,(blank),89,Sea stars
80015,Evasterias troschelii,mottled sea star,89,Sea stars
80602,Gephyreaster swifti,Swift's sea star,89,Sea stars
80543,Henricia aspera,ridged blood star,89,Sea stars
80547,Henricia asthenactis,(blank),89,Sea stars
80541,Henricia clarki,(blank),89,Sea stars
80598,Henricia dyscrita,short-spined Henricia,89,Sea stars
80544,Henricia leviuscula,blood sea star,89,Sea stars
80548,Henricia longispina,(blank),89,Sea stars
80542,Henricia sanguinolenta,sanguine sea star,89,Sea stars
80540,Henricia sp.,(blank),89,Sea stars
80537,Henricia sp. C (Clark 2006),mottled Henricia,89,Sea stars
80561,Henricia sp. E (Clark 2006),slender pale Henricia,89,Sea stars
80549,Henricia spiculifera,spiny Henricia,89,Sea stars
80546,Henricia tumida,tumid sea star,89,Sea stars
81100,Heterozonias alternatus,cannonball sun star,89,Sea stars
80640,Hippasteria californica,(blank),89,Sea stars
80645,Hippasteria heathi,(blank),89,Sea stars
80631,Hippasteria kurilensis,(blank),89,Sea stars
80630,Hippasteria sp.,(blank),89,Sea stars
80633,Hippasteria sp. A (Clark 1999),(blank),89,Sea stars
80634,Hippasteria sp. B (Clark),pale spiny star,89,Sea stars
80637,Hippasteria sp. E (Clark),Alaskan spiny star,89,Sea stars
80650,Hippasteria spinosa,spiny red sea star,89,Sea stars
81365,Hymenaster sp.,pancake star,89,Sea stars
80594,Leptasterias arctica,(blank),89,Sea stars
80596,Leptasterias camtschatica,(blank),89,Sea stars
80115,Leptasterias coei,(blank),89,Sea stars
80110,Leptasterias groenlandica,(blank),89,Sea stars
80111,Leptasterias hexactis,(blank),89,Sea stars
80112,Leptasterias hylodes,Aleutian sea star,89,Sea stars
80591,Leptasterias katharinae,(blank),89,Sea stars
80590,Leptasterias polaris,(blank),89,Sea stars
80595,Leptasterias sp.,(blank),89,Sea stars
80116,Leptasterias truculenta,giant Aleutian six-rayed star,89,Sea stars
81829,Leptychaster anomalus,(blank),89,Sea stars
81835,Leptychaster arcticus,North Pacific sea star,89,Sea stars
81830,Leptychaster pacificus,(blank),89,Sea stars
81820,Leptychaster sp.,(blank),89,Sea stars
80200,Lethasterias nanimensis,blackspined sea star,89,Sea stars
80201,Lethasterias sp.,(blank),89,Sea stars
81130,Lophaster furcilliger,crested sea star,89,Sea stars
81120,Lophaster sp.,(blank),89,Sea stars
81121,Lophaster sp. A (Clark),(blank),89,Sea stars
81122,Lophaster sp. B (Clark),(blank),89,Sea stars
81125,Lophaster vexator,crested star,89,Sea stars
80810,Luidia foliolata,sand sea star,89,Sea stars
80800,Luidia sp.,(blank),89,Sea stars
80710,Mediaster aequalis,vermilion sea star,89,Sea stars
80690,Mediaster sp.,(blank),89,Sea stars
80691,Mediaster tenellus,(blank),89,Sea stars
82090,Myxoderma platyacanthum,(blank),89,Sea stars
82091,Myxoderma sacculatum,(blank),89,Sea stars
81920,Nearchaster aciculosus,(blank),89,Sea stars
81921,Nearchaster pedicellaris,(blank),89,Sea stars
81919,Nearchaster sp.,(blank),89,Sea stars
81912,Nearchaster variabilis,(blank),89,Sea stars
80550,Odontohenricia fisheri,(blank),89,Sea stars
80551,Odontohenricia sp.,(blank),89,Sea stars
80552,Odontohenricia sp. A (Clark),(blank),89,Sea stars
80553,Odontohenricia sp. B (Clark),(blank),89,Sea stars
80106,Orthasterias koehleri,redbanded sea star,89,Sea stars
80105,Orthasterias sp.,(blank),89,Sea stars
80230,Pedicellaster magister,majestic sea star,89,Sea stars
80220,Pedicellaster sp.,(blank),89,Sea stars
80311,Pisaster brevispinus,giant pink star,89,Sea stars
80312,Pisaster ochraceus,purple star,89,Sea stars
80310,Pisaster sp.,(blank),89,Sea stars
80520,Poraniopsis inflata,thorny sea star,89,Sea stars
80620,Pseudarchaster alascensis,(blank),89,Sea stars
80660,Pseudarchaster parelii,scarlet sea star,89,Sea stars
80610,Pseudarchaster sp.,(blank),89,Sea stars
81316,Pteraster jordani,(blank),89,Sea stars
81321,Pteraster marssipus,(blank),89,Sea stars
81320,Pteraster militaris,wrinkled star,89,Sea stars
81355,Pteraster obscurus,obscure sea star,89,Sea stars
81356,Pteraster pulvillus,(blank),89,Sea stars
81310,Pteraster sp.,(blank),89,Sea stars
81313,Pteraster sp. A (Clark 1999),(blank),89,Sea stars
81314,Pteraster sp. B (Clark 1997),(blank),89,Sea stars
81317,Pteraster sp. C (Clark),(blank),89,Sea stars
81312,Pteraster temnochiton,cushion sea star,89,Sea stars
81315,Pteraster tesselatus,(blank),89,Sea stars
80160,Pycnopodia helianthoides,sunflower sea star,89,Sea stars
80120,Rathbunaster californicus,(blank),89,Sea stars
81064,Solaster dawsoni,morning sun sea star,89,Sea stars
81061,Solaster endeca,northern sun sea star,89,Sea stars
81062,Solaster hypothrissus,(blank),89,Sea stars
81080,Solaster paxillatus,evening sun sea star,89,Sea stars
81060,Solaster sp.,(blank),89,Sea stars
81067,Solaster sp. A (Clark 1997),(blank),89,Sea stars
81063,Solaster sp. B,(blank),89,Sea stars
81068,Solaster sp. C (Clark),beautiful sun star,89,Sea stars
81069,Solaster sp. D (Clark),serpent sun star,89,Sea stars
81070,Solaster sp. E (Clark),Kessler sun star,89,Sea stars
81071,Solaster sp. F (Clark),Fisher sun star,89,Sea stars
81072,Solaster sp. G (Clark),ocher sun star,89,Sea stars
81065,Solaster stimpsoni,striped sun sea star,89,Sea stars
80250,Stephanasterias albula,(blank),89,Sea stars
80170,Stylasterias forreri,long-rayed star,89,Sea stars
80171,Stylasterias sp.,(blank),89,Sea stars
80190,Tarsaster alaskanus,(blank),89,Sea stars
30560,Sebastes zacentrus,sharpchin rockfish,59,Sharpchin Rock
99991,(blank),empty barnacle shells,0,Shells
99993,(blank),empty bivalve shells,0,Shells
99994,(blank),empty gastropod shells,0,Shells
99997,(blank),unsorted catch and debris,0,Shells
99999,(blank),unsorted shab,0,Shells
30576,Sebastes borealis,shortraker rockfish,62,Shortraker Rock
30020,Sebastolobus alascanus,shortspine thornyhead,65,Shortspine Thorns
320,Somniosus pacificus,Pacific sleeper shark,27,Sleeper shark
71008,(blank),nudibranch eggs,92,Snails
71405,(blank),limpet unid.,92,Snails
71700,(blank),whelk unid.,92,Snails
71400,Acmaea sp.,(blank),92,Snails
71040,Acteocina sp.,(blank),92,Snails
72063,Aforia circinata,keeled aforia,92,Snails
70115,Amicula vestita,(blank),92,Snails
71960,Ancistrolepis sp.,(blank),92,Snails
71235,Anisodoris lentiginosa,mottled pale sea-lemon,92,Snails
71230,Anisodoris nobilis,Pacific sea lemon,92,Snails
71052,Archidorididae,archidorid nudibranchs,92,Snails
71260,Archidoris odhneri,white night doris,92,Snails
71259,Archidoris sp.,Archidoris nudibranch,92,Snails
72791,Arctomelon borealis,(blank),92,Snails
72789,Arctomelon sp.,(blank),92,Snails
72794,Arctomelon sp. cf. stearnsii (Clark and McLean),(blank),92,Snails
72790,Arctomelon stearnsii,Alaska volute,92,Snails
72792,Arctomelon tamikoae,(blank),92,Snails
71080,Armina californica,California armina,92,Snails
72520,Bathybembix bairdii,(blank),92,Snails
72762,Bathybuccinum clarki,Roger's buccinid,92,Snails
72764,Bathybuccinum ovulum,(blank),92,Snails
71772,Beringius beringii,(blank),92,Snails
71775,Beringius crebricostatus,thick-cord whelk,92,Snails
71780,Beringius eyerdami,(blank),92,Snails
71770,Beringius kennicottii,(blank),92,Snails
71787,Beringius rotundus,rotund whelk,92,Snails
71769,Beringius sp.,(blank),92,Snails
71778,Beringius sp. A (McLean and Clark),Baxter's Beringius,92,Snails
71779,Beringius sp. B (McLean and Clark),two-channeled Beringius,92,Snails
71777,Beringius sp. eggs,(blank),92,Snails
71785,Beringius sp. F (McLean and Clark),(blank),92,Snails
71786,Beringius sp. G (McLean and Clark),(blank),92,Snails
71789,Beringius sp. I (McLean and Clark),(blank),92,Snails
71776,Beringius undatus,(blank),92,Snails
72065,Boreoscala greenlandica,Greenland wentletrap,92,Snails
72402,Boreotrophon alaskanus,Alaskan trophon,92,Snails
72421,Boreotrophon pacificus,(blank),92,Snails
72420,Boreotrophon sp.,(blank),92,Snails
72407,Boreotrophon stuarti,winged trophon,92,Snails
72753,Buccinum aleuticum,Aleut whelk,92,Snails
72757,Buccinum ciliatum,(blank),92,Snails
72754,Buccinum cnismatum,scratched whelk,92,Snails
72748,Buccinum eugrammatum,lirate whelk,92,Snails
72758,Buccinum glaciale,glacial whelk,92,Snails
72784,Buccinum moarchianum,(blank),92,Snails
72747,Buccinum oedematum,swollen whelk,92,Snails
72739,Buccinum picturatum,(blank),92,Snails
72751,Buccinum plectrum,sinuous whelk,92,Snails
72786,Buccinum rondinum,eroded whelk,92,Snails
72752,Buccinum scalariforme,ladder whelk,92,Snails
72746,Buccinum simulatum,(blank),92,Snails
72740,Buccinum sp.,(blank),92,Snails
71002,Buccinum sp. eggs,(blank),92,Snails
72749,Buccinum viridum,turban whelk,92,Snails
71515,Bulbus fragilis,fragile moonsnail,92,Snails
71015,Cadlina luteomarginata,yellow-edged cadlina,92,Snails
71105,Cadlina modesta,(blank),92,Snails
72513,Calliostoma titanium,(blank),92,Snails
72521,Calliotropis carlotta,(blank),92,Snails
71202,Chlamylla sp.,(blank),92,Snails
72525,Cidarina cidaris,(blank),92,Snails
71090,Colga pacifica,Pacific Colga,92,Snails
71715,Colus calathus,(blank),92,Snails
71731,Colus halli,shrew whelk,92,Snails
71721,Colus herendeenii,thin-ribbed whelk,92,Snails
71719,Colus jordani,(blank),92,Snails
71710,Colus sp.,(blank),92,Snails
71726,Colus spitzbergensis,thick-ribbed whelk,92,Snails
71350,Cranopsis major,great puncturella,92,Snails
71681,Crepidula grandis,great slippersnail,92,Snails
71640,Crepidula sp.,slipper shell,92,Snails
70108,Cryptochiton stelleri,giant Pacific chiton,92,Snails
71526,Cryptonatica affinis,Arctic moonsnail,92,Snails
71535,Cryptonatica aleutica,Aleutian moonsnail,92,Snails
71537,Cryptonatica russa,rusty moonsnail,92,Snails
71524,Cryptonatica sp.,(blank),92,Snails
71020,Dendronotus dalli,Dall's dendronotid,92,Snails
71018,Dendronotus sp.,(blank),92,Snails
71269,Diaulula sp. A (Clark 2006),(blank),92,Snails
71357,Diodora aspera,(blank),92,Snails
71250,Dorididae,dorid nudibranch unid.,92,Snails
71570,Euspira lewisii,(blank),92,Snails
71580,Euspira pallida,pale moonsnail,92,Snails
71575,Euspira sp.,(blank),92,Snails
72500,Fusitriton oregonensis,Oregon triton,92,Snails
71003,Fusitriton oregonensis eggs,(blank),92,Snails
72501,Fusitriton sp.,(blank),92,Snails
71001,gastropod eggs,snail  eggs,92,Snails
71500,Gastropoda,snail unid.,92,Snails
71503,Gastropteron pacifica,(blank),92,Snails
71013,Hermissenda crassicornis,thick-horned aeolid,92,Snails
71740,Japelion aleutica,(blank),92,Snails
71741,Japelion sp.,(blank),92,Snails
71742,Japelion sp. A,(blank),92,Snails
71584,Lamellaria sp.,(blank),92,Snails
71592,Lamellaria sp. B (Clark and McLean),(blank),92,Snails
71583,Lamellariidae,lamellarid unid.,92,Snails
70112,Lepidozona abyssicola,(blank),92,Snails
70113,Lepidozona sp.,(blank),92,Snails
70110,Lepidozona trifida,(blank),92,Snails
70125,Leptochiton alveolus,(blank),92,Snails
70124,Leptochiton sp.,(blank),92,Snails
71911,Liomesus ooides,egg whelk,92,Snails
72531,Margarites sp.,(blank),92,Snails
70140,Mopalia egretta,(blank),92,Snails
70126,Mopalia swanii,(blank),92,Snails
71540,Muricidae,(blank),92,Snails
71530,Natica clausa,(blank),92,Snails
71525,Natica sp.,(blank),92,Snails
71510,Naticidae,moonsnails,92,Snails
71511,Naticidae eggs,moonsnail eggs unid.,92,Snails
71810,Neptunea amianta,white neptune,92,Snails
71835,Neptunea borealis,(blank),92,Snails
71884,Neptunea heros,(blank),92,Snails
71883,Neptunea insularis,(blank),92,Snails
71870,Neptunea lyrata,lyre whelk,92,Snails
71840,Neptunea middendorffii,(blank),92,Snails
71820,Neptunea pribiloffensis,Pribilof whelk,92,Snails
71811,Neptunea smirnia,(blank),92,Snails
71800,Neptunea sp.,(blank),92,Snails
71888,Neptunea sp. B (McLean and Clark),(blank),92,Snails
71885,Neptunea sp. E (Clark and McLean),(blank),92,Snails
71004,Neptunea sp. eggs,(blank),92,Snails
71882,Neptunea ventricosa,fat whelk,92,Snails
71542,Nucella lamellosa,frilled dogwinkle,92,Snails
71010,Nudibranchia,nudibranch unid.,92,Snails
72797,Olivella beatica,beatic dwarf olive,92,Snails
71588,Onchidiopsis brevipes,(blank),92,Snails
70122,Placiphorella pacifica,(blank),92,Snails
70119,Placiphorella sp.,(blank),92,Snails
71900,Plicifusus griseus,gray whelk,92,Snails
71891,Plicifusus kroyeri,(blank),92,Snails
71896,Plicifusus oceanodromae,seahorse whelk,92,Snails
71890,Plicifusus sp.,(blank),92,Snails
71899,Plicifusus sp. A (Clark and McLean),(blank),92,Snails
71897,Plicifusus virens,(blank),92,Snails
70100,Polyplacophora,chiton unid.,92,Snails
71351,Puncturella rothi,(blank),92,Snails
71753,Pyrulofusus deformis,warped whelk,92,Snails
71749,Pyrulofusus dexius,(blank),92,Snails
71755,Pyrulofusus harpa,left-hand whelk,92,Snails
71761,Pyrulofusus melonis,(blank),92,Snails
71747,Pyrulofusus sp.,(blank),92,Snails
71752,Pyrulofusus sp. eggs,(blank),92,Snails
72399,Scabrotrophon sp.,(blank),92,Snails
71356,Scelidotoma bella,elegant emarginula,92,Snails
72515,Tegula pulligo,(blank),92,Snails
71012,Tochuina tetraquetra,giant orange tochui,92,Snails
70135,Tonicella insignis,(blank),92,Snails
70134,Tonicella sp.,Tonicella chitons,92,Snails
72380,Torellia ammonia,rams-horn hairysnail,92,Snails
72300,Trichotropidae,(blank),92,Snails
71050,Triopha catalinae,sea-clown triopha,92,Snails
71030,Tritonia diomedea,rosy tritonia,92,Snails
71026,Tritonia festiva,festive Tritonia,92,Snails
71025,Tritonia sp.,(blank),92,Snails
72806,Velutina sp.,(blank),92,Snails
72787,Volutomitra sp.,(blank),92,Snails
71895,Volutopsius callorhinus,(blank),92,Snails
71760,Volutopsius castaneus,volute whelk,92,Snails
71759,Volutopsius filosus,threaded whelk,92,Snails
71756,Volutopsius fragilis,fragile whelk,92,Snails
71764,Volutopsius middendorffii,tulip whelk,92,Snails
71757,Volutopsius regularis,regular whelk,92,Snails
71762,Volutopsius simplex,simple whelk,92,Snails
71750,Volutopsius sp.,(blank),92,Snails
71751,Volutopsius sp. eggs,(blank),92,Snails
91002,(blank),hairy lemon sponge,101,Sponges
91005,(blank),vase sponge unid.,101,Sponges
91051,(blank),neon yellow vase sponge,101,Sponges
91055,(blank),brain sponge,101,Sponges
91056,(blank),funnel sponge,101,Sponges
91071,(blank),staghorn sponge,101,Sponges
91072,(blank),orange ball sponge,101,Sponges
91076,(blank),orange sponge,101,Sponges
91077,(blank),yellow bowl sponge,101,Sponges
91080,(blank),yellow green papillate sponge,101,Sponges
91081,(blank),yellow papillate sponge,101,Sponges
91083,(blank),orange encrusting sponge,101,Sponges
91084,(blank),firm yellow green sponge,101,Sponges
91090,(blank),orange papillate sponge,101,Sponges
91260,(blank),lobed tree sponge,101,Sponges
91048,Acanthascus sp.,(blank),101,Sponges
91103,Acanthascus sp. A,angel-hair vase sponge,101,Sponges
91030,Aphrocallistes vastus,clay pipe sponge,101,Sponges
91251,Asbestopluma sp. A (Clark 2006),fuzzy sponge,101,Sponges
91710,Aulosaccus schulzei,vase sponge,101,Sponges
91064,Axinella blanca,firm finger sponge,101,Sponges
91230,Axinella sp.,firm gray sponge,101,Sponges
91089,Cladocroce attu,rough hat sponge,101,Sponges
91045,Coelosphaeridae,ginseng sponge,101,Sponges
91255,Cornulum clathriata,lattice sponge,101,Sponges
99988,Craniella arb,(blank),101,Sponges
99981,Craniella craniana,baseball sponge,101,Sponges
99985,Craniella sigmoancoratum,spiny ball sponge,101,Sponges
99987,Craniella sp.,puffball sponges,101,Sponges
99982,Craniella spinosa,furry ball sponge,101,Sponges
91127,Craniella villosa,(blank),101,Sponges
91010,Demospongia,(blank),101,Sponges
91063,Echinoclathria beringensis,hat sponge,101,Sponges
91239,Echinoclathria sp.,(blank),101,Sponges
91238,Echinoclathria sp. A (Clark 2006),fuzzy tree sponge,101,Sponges
91092,Esperiopsis flagrum,cheesestick sponge,101,Sponges
91721,Farrea beringiana,Bering lace sponge,101,Sponges
91720,Farrea sp.,(blank),101,Sponges
91046,Geodia mesotriaena,(blank),101,Sponges
91047,Geodia sp.,(blank),101,Sponges
91100,Geodia starki,pita sponge,101,Sponges
91705,Geodinella lendenfeldi,calcareous finger sponge,101,Sponges
91241,Halichondria oblonga,(blank),101,Sponges
91050,Halichondria panicea,barrel sponge,101,Sponges
91079,Halichondria sitiens,black papillate sponge,101,Sponges
91262,Halichondria sitiens,(blank),101,Sponges
91049,Halichondria sp.,(blank),101,Sponges
91035,Heterochone calyx,goblet sponge,101,Sponges
91036,Heterochone tenerum,crusty tube sponge,101,Sponges
91700,Hexactinellida,glass sponge unid.,101,Sponges
91066,Histodermella kagigunensis,spud sponge,101,Sponges
91070,Hyalonema sp.,fiberoptic sponge,101,Sponges
91228,Hymeniacidon assimilis,(blank),101,Sponges
91257,Isodictya palmata,prickly pear sponge,101,Sponges
91226,Latrunculia oparinae,green papillate sponge,101,Sponges
91225,Latrunculia sp.,(blank),101,Sponges
91227,Latrunculia sp. B (Clark 2006),smooth green sponge,101,Sponges
91052,Leucandra heathi,spiny vase sponge,101,Sponges
91097,Leucandra sp.,(blank),101,Sponges
91087,Leucandra tuba,(blank),101,Sponges
91073,Leucosolenia sp.,(blank),101,Sponges
91261,Monanchora alaskensis,(blank),101,Sponges
91068,Monanchora pulchra,yellow leafy sponge,101,Sponges
91042,Mycale adhaerens,smooth scallop sponge,101,Sponges
91054,Mycale bellabellensis,lampshade sponge,101,Sponges
91086,Mycale carlilei,trumpet sponge,101,Sponges
91040,Mycale loveni,tree sponge,101,Sponges
91039,Mycale sp.,(blank),101,Sponges
91094,Mycale tylota,slimy kelp sponge,101,Sponges
91109,Mycalecarmia lobata,cotton ball sponge,101,Sponges
91062,Myxilla brunnea,soft brown sponge,101,Sponges
91060,Myxilla incrustans,scallop sponge,101,Sponges
91061,Myxilla lacunosa,sulfur sponge,101,Sponges
91093,Neoesperiopsis digitata,(blank),101,Sponges
91088,Neoesperiopsis rigida,soft finger sponge,101,Sponges
91065,Pachastrellidae sp. 1,mushroom sponge,101,Sponges
91038,Phakellia sp.,(blank),101,Sponges
91101,Phorbas paucistylifer,(blank),101,Sponges
91215,Plakina tanaga,white convoluted sponge,101,Sponges
91110,Polymastia fluegeli,Flugel's nippled sponge,101,Sponges
91078,Polymastia pachymastia,black-orange spud sponge,101,Sponges
91075,Polymastia pacifica,(blank),101,Sponges
91111,Polymastia robusta,long nippled sponge,101,Sponges
91074,Polymastia sp.,(blank),101,Sponges
91113,Polymastia sp. A (Clark 2006),prolific nipple sponge,101,Sponges
91082,Polymastia sp. B (Clark 2006),orange nipple ball sponge,101,Sponges
91114,Polymastia sp. C (Clark 2006),red nipple sponge,101,Sponges
91000,Porifera,sponge unid.,101,Sponges
91018,Pseudosuberites montiniger,peach sponge,101,Sponges
91725,Regadrella okinoseana,lacy basket sponge,101,Sponges
91053,Rhabdocalyptus sp.,cloud sponge,101,Sponges
91201,Scypha ciliata,hairy urn sponge,101,Sponges
91059,Semisuberites cribrosa,cat-o-nine-tails sponge,101,Sponges
91701,Staurocalyptus sp.,(blank),101,Sponges
91105,Stelletta sp.,stone sponge,101,Sponges
91237,Stelodoryx alaskensis,Alaskan lobed sponge,101,Sponges
91057,Stelodoryx oxeata,scapula sponge,101,Sponges
91020,Suberites domuncula,hermit sponge,101,Sponges
91016,Suberites ficus,(blank),101,Sponges
91015,Suberites sp.,(blank),101,Sponges
91017,Suberites sp. A (Clark 2006),wax sponge,101,Sponges
91220,Tedania dirhaphis,rough bread crumb sponge,101,Sponges
91067,Tedania kagalaskai,club sponge,101,Sponges
91221,Tedania sp.,(blank),101,Sponges
91125,Tentorium semisuberites,two nipple sponge,101,Sponges
91069,Tethya sp.,ball sponge,101,Sponges
99986,Tetilla sp.,(blank),101,Sponges
91121,Vulcanella sp.,(blank),101,Sponges
91120,Vulcanella sp. 1,fuzzy cratered sponge,101,Sponges
91112,Weberella bursa,pale mammilated sponge,101,Sponges
79443,Belonella borealis,(blank),74,Squids
79211,Berryteuthis anonychus,(blank),74,Squids
79210,Berryteuthis magister,magistrate armhook squid,74,Squids
79404,Chiroteuthis calyx,(blank),74,Squids
79403,Chiroteuthis sp.,(blank),74,Squids
79405,Cranchia scabra,sandpaper squid,74,Squids
79406,Cranchiidae,(blank),74,Squids
79000,Decapodiformes,squid unid.,74,Squids
79120,Doryteuthis opalescens,California market squid,74,Squids
79340,Galiteuthis phyllura,(blank),74,Squids
79199,Gonatidae,(blank),74,Squids
79252,Gonatopsis borealis,boreopacific armhook squid,74,Squids
79254,Gonatopsis makko,makko armhook squid,74,Squids
79250,Gonatopsis sp.,(blank),74,Squids
79202,Gonatus berryi,Berry armhook squid,74,Squids
79201,Gonatus onyx,clawed armhook squid,74,Squids
79203,Gonatus pyros,fiery armhook squid,74,Squids
79200,Gonatus sp.,(blank),74,Squids
79511,Histioteuthis dofleini,(blank),74,Squids
79512,Histioteuthis hoylei,(blank),74,Squids
79509,Histioteuthis sp.,jewel squids,74,Squids
79302,Moroteuthis robusta,robust clubhook squid,74,Squids
79504,Octopoteuthis deletron,(blank),74,Squids
79312,Onychoteuthis borealijaponicus,boreal clubhook squid,74,Squids
79020,Rossia pacifica,eastern Pacific bobtail,74,Squids
79513,Stigmatoteuthis dofleini,(blank),74,Squids
79001,Taningia danae,rhomboid squid,74,Squids
79442,Taonius pavo,(blank),74,Squids
99998,Polychaete tubes,(blank),0,Tubes
41000,Anthozoa,(blank),0,UNID
68590,Chionoecetes hybrid,hybrid Tanner crab,0,Unid Chion
82650,(blank),heart urchin unid.,91,Urchins dollars cucumbers
82730,(blank),sand dollar unid.,91,Urchins dollars cucumbers
82750,(blank),crinoid unid.,91,Urchins dollars cucumbers
82530,Allocentrotus fragilis,orange-pink sea urchin,91,Urchins dollars cucumbers
82535,Allocentrotus sp.,(blank),91,Urchins dollars cucumbers
85205,Apostichopus japonicus,(blank),91,Urchins dollars cucumbers
85180,Bathyplotes sp.,(blank),91,Urchins dollars cucumbers
82675,Brisaster latifrons,heart urchin,91,Urchins dollars cucumbers
82676,Brisaster owstoni,(blank),91,Urchins dollars cucumbers
82660,Brisaster sp.,(blank),91,Urchins dollars cucumbers
82670,Brisaster townsendi,(blank),91,Urchins dollars cucumbers
85201,Cucumaria fallax,sea football,91,Urchins dollars cucumbers
85202,Cucumaria frondosa,(blank),91,Urchins dollars cucumbers
85010,Cucumaria japonica,(blank),91,Urchins dollars cucumbers
85200,Cucumaria sp.,(blank),91,Urchins dollars cucumbers
82741,Dendraster excentricus,(blank),91,Urchins dollars cucumbers
82500,Echinacea,sea urchin unid.,91,Urchins dollars cucumbers
82740,Echinarachnius parma,parma sand dollar,91,Urchins dollars cucumbers
85167,Eupentacta quinquesemita,(blank),91,Urchins dollars cucumbers
82775,Fariometra sp.,dwarf feather star,91,Urchins dollars cucumbers
82761,Florometra acririma,(blank),91,Urchins dollars cucumbers
82771,Florometra asperrima,common northern feather star,91,Urchins dollars cucumbers
82765,Florometra inexpectata,(blank),91,Urchins dollars cucumbers
82770,Florometra serratissima,featherstar crinoid,91,Urchins dollars cucumbers
82760,Florometra sp.,(blank),91,Urchins dollars cucumbers
82755,Heliometra glacialis,(blank),91,Urchins dollars cucumbers
85000,Holothuroidea,sea cucumber unid.,91,Urchins dollars cucumbers
85120,Molpadia intermedia,sweet sea potato,91,Urchins dollars cucumbers
85115,Molpadia sp.,(blank),91,Urchins dollars cucumbers
85270,Pannychia moseleyi,deep sea papillate cucumber,91,Urchins dollars cucumbers
85269,Pannychia sp.,(blank),91,Urchins dollars cucumbers
85020,Parastichopus californicus,California sea cucumber,91,Urchins dollars cucumbers
85016,Parastichopus leukothele,giant orange cucumber,91,Urchins dollars cucumbers
85015,Parastichopus sp.,(blank),91,Urchins dollars cucumbers
85169,Pentamera lissoplaca,crescent sea cucumber,91,Urchins dollars cucumbers
85170,Pentamera sp.,(blank),91,Urchins dollars cucumbers
85171,Pentamera sp. A (Clark 2006),(blank),91,Urchins dollars cucumbers
82772,Psathyrometra fragilis,(blank),91,Urchins dollars cucumbers
85070,Pseudostichopus mollis,sandy sea cucumber,91,Urchins dollars cucumbers
85060,Pseudostichopus sp.,(blank),91,Urchins dollars cucumbers
85209,Psolidae,(blank),91,Urchins dollars cucumbers
85219,Psolus fabricii,brownscaled sea cucumber,91,Urchins dollars cucumbers
85222,Psolus japonicus,(blank),91,Urchins dollars cucumbers
85211,Psolus phantapus,(blank),91,Urchins dollars cucumbers
85210,Psolus sp.,(blank),91,Urchins dollars cucumbers
85213,Psolus sp. A (Clark 2006),(blank),91,Urchins dollars cucumbers
85220,Psolus squamatus,whitescaled sea cucumber,91,Urchins dollars cucumbers
82757,Retiometra alascana,Alaskan crinoid,91,Urchins dollars cucumbers
82510,Strongylocentrotus droebachiensis,green sea urchin,91,Urchins dollars cucumbers
82515,Strongylocentrotus echinoides,(blank),91,Urchins dollars cucumbers
82520,Strongylocentrotus franciscanus,red sea urchin,91,Urchins dollars cucumbers
82526,Strongylocentrotus pallidus,white sea urchin,91,Urchins dollars cucumbers
82522,Strongylocentrotus polyacanthus,(blank),91,Urchins dollars cucumbers
82525,Strongylocentrotus purpuratus,purple sea urchin,91,Urchins dollars cucumbers
82511,Strongylocentrotus sp.,(blank),91,Urchins dollars cucumbers
82527,Strongylocentrotus sp. A,(blank),91,Urchins dollars cucumbers
82528,Strongylocentrotus sp. B,(blank),91,Urchins dollars cucumbers
85290,Synallactes challengeri,(blank),91,Urchins dollars cucumbers
85289,Synallactes sp.,(blank),91,Urchins dollars cucumbers
85287,Synallactes sp. A (Clark 2006),(blank),91,Urchins dollars cucumbers
85260,Thylonidium sp.,(blank),91,Urchins dollars cucumbers
98300,(blank),compound ascidian unid.,99,Urochordata
98330,(blank),brown leafy compound tunicate,99,Urochordata
99910,(blank),neon yellow ascidian,99,Urochordata
98303,Amaroucium soldatovi,(blank),99,Urochordata
98302,Amaroucium sp.,(blank),99,Urochordata
98219,Aplidium californicum,(blank),99,Urochordata
98311,Aplidium n. sp. A,orange aplidium,99,Urochordata
98310,Aplidium sp. A (Clark 2006),sea glob,99,Urochordata
98322,Ascidia paratropa,glassy tunicate,99,Urochordata
98000,Ascidiacea,tunicate unid.,99,Urochordata
98001,Ascidian n. sp. A,cow-eye tunicate,99,Urochordata
98105,Boltenia ovifera,(blank),99,Urochordata
98100,Boltenia sp.,(blank),99,Urochordata
98101,Boltenia villosa,(blank),99,Urochordata
98331,Chelyosoma productum,(blank),99,Urochordata
98206,Cnemidocarpa finmarkiensis,broad base tunicate,99,Urochordata
98212,Distaplia occidentalis,(blank),99,Urochordata
98213,Distaplia smithi,(blank),99,Urochordata
98210,Distaplia sp.,(blank),99,Urochordata
98214,Distaplia sp. A (Clark 2006),(blank),99,Urochordata
98205,Halocynthia aurantium,sea peach,99,Urochordata
98324,Halocynthia hispidus,hairy tunicate,99,Urochordata
98204,Halocynthia igaboja,(blank),99,Urochordata
98200,Halocynthia sp.,sea peach unid.,99,Urochordata
99902,Molgula griffithsii,sea grape,99,Urochordata
99904,Molgula retortiformis,sea clod,99,Urochordata
99900,Molgula sp.,(blank),99,Urochordata
98340,Polyclinum planum,(blank),99,Urochordata
98071,Pyrosoma atlantiicum,(blank),99,Urochordata
98003,Pyrosoma sp.,green colonial tunicate,99,Urochordata
98207,Pyura haustor,wrinkled tunicate,99,Urochordata
98082,Styela rustica,sea potato,99,Urochordata
98080,Styela sp.,(blank),99,Urochordata
98084,Styela sp. B (Clark 2006),(blank),99,Urochordata
98320,Synoicum sp.,sea blob,99,Urochordata
98321,Trididemnum opacum,(blank),99,Urochordata
21740,Gadus chalcogrammus,walleye pollock,31,W. Pollock
50001,(blank),worm unid.,0,worm unid.
10210,Limanda aspera,yellowfin sole,40,YF. Sole
22232,Careproctus scottae,peachskin snailfish,72,Misc. fish shallow
98312,Aplidium sp.,(blank),99,Urochordata
69321,Paralithodes sp.,(blank),85,King Crab
69075,Pagurus samuelis,bluehand hermit,93,Hermit crabs
71212,Dirona pellucida,(blank),92,Snails
85081,Chiridota albatrossii,(blank),91,Urchins dollars cucumbers
24115,Bothrocara hollandi,Japan Sea eelpout,54,Eelpouts
91104,Acanthascus sp. B,thin-lipped vase sponge,101,Sponges
91115,Phorbas sp.,(blank),101,Sponges
95016,Bugula sp.,(blank),104,Misc. worms 
95039,Alcyonidium disciforme,disc bryozoan,104,Misc. worms 
66204,Lebbeus polaris,(blank),88,NP shrimp
74322,Panomya norvegica,Arctic roughmya,102,Bivalves
40509,Phacellophora sp.,(blank),105,Scyphozoid Jellies
66533,Metacrangon sp.,(blank),88,NP shrimp
80545,Henricia aleutica,(blank),89,Sea stars
21820,Sternoptychidae,hatchetfish unid.,56,Misc. fish deep
72760,Buccinum castaneum,chestnut whelk,92,Snails
160,Selachii egg case,shark egg case unid.,0,Gen Chondrychthyes
44047,Stylaster venustus,,97,Corals
44103,Plumarella hapala,,97,Corals
44042,Errinopora undulata,undulate-fan hydrocoral,97,Corals
83319,Ophiura luetkenii,gray brittle star,90,Brittle stars
72763,Bathybuccinum sp.,,92,Snails
83412,Ophiosemnotes pachybactra,thick spined brittle star,90,Brittle stars
91217,Plakina atka,red convoluted sponge,101,Sponges
71889,Neptunea sp. C (McLean and Clark),,92,Snails
65101,Lepas sp.,pelagic gooseneck barnacle,94,Misc. Crustacean
91099,Cladocroce kiska,,101,Sponges
71730,Colus aphelus,oblique whelk,92,Snails
60110,Gammaridae,gammarid amphipod unid.,95,Benthic Amphipods
72735,Buccinidae,,92,Snails
80159,Asteriidae,,89,Sea stars
66145,Caridea,caridid shrimp unid.,0,Gen Shrimp
93100,Priapulida,priapulid worm unid.,104,Misc. worms 
71773,Beringius aleuticus,,92,Snails
64100,Mysidae,,109,Mysids
10100,Pleuronectidae,righteye flounder unid.,0,Gen flatfish
53700,Nephtyidae,cat worm unid.,103,Polychaetes
72514,Calliostoma variegatum,,92,Snails
73201,Olivella biplicata,purple olive,92,Snails
43224,Epizoanthus scotinus,orange zooanthid,97,Corals
75120,Gari californica,,102,Bivalves
75235,Glycymeris sp.,bittersweets,102,Bivalves
72768,Ancistrolepis bicinctus,tw-ribbed whelk,92,Snails
66616,Argis sp. cf. ovifer (CAS),,88,NP shrimp
21340,Malacocottus kincaidi,blackfin sculpin,71,Other sculpins
69559,Polycheles sp.,,86,Misc. crabs
69553,Munidopsis quadrata,long-armed pinch bug,86,Misc. crabs
